ID,entranceX,entranceY,entranceEdgeID,square,on_main_road
300,592,503,1,276524,1
301,497,445,95,507,1
302,502,515,93,127,1
303,515,521,69,99,1
304,528,501,70,102,1
305,550,455,72,365,1
306,546,419,344,90,0
307,525,404,343,60,0
308,511,391,342,53,0
309,547,421,344,93,0
310,519,510,69,83,1
311,530,482,71,208,1
312,537,469,71,200,1
313,543,457,72,162,1
314,513,516,69,108,1
315,502,488,94,128,1
316,502,479,94,143,1
317,502,472,95,140,1
318,502,466,95,132,1
319,502,460,95,145,1
320,502,454,95,135,1
321,553,438,73,150,1
322,559,427,73,49,1
323,555,434,73,181,1
324,502,448,95,183,1
325,502,441,96,187,1
326,502,434,96,182,1
327,502,428,96,196,1
328,527,420,344,143,0
329,502,416,97,218,1
330,517,393,342,164,0
331,507,393,342,158,0
332,503,504,93,122,1
333,502,496,94,109,1
334,551,441,73,42,1
335,548,448,72,215,1
336,511,391,342,58,0
337,525,404,343,61,0
338,546,419,344,87,0
339,581,395,74,259,1
340,587,353,351,76,0
341,552,336,349,117,0
342,525,350,346,58,0
343,525,363,346,0,0
344,525,350,346,58,0
345,511,336,345,53,0
346,497,363,99,246,1
347,548,338,349,147,0
348,535,338,349,208,0
349,572,338,350,150,0
350,506,388,342,222,0
351,566,338,350,373,0
352,587,361,351,141,0
353,579,338,350,161,0
354,559,417,344,185,0
355,548,417,344,111,0
356,571,403,74,156,1
357,575,396,74,171,1
358,534,416,344,30,0
359,529,416,344,42,0
360,527,400,343,13,0
361,513,388,342,38,0
362,502,358,99,83,1
363,521,363,346,144,0
364,507,338,345,180,0
365,527,355,346,85,0
366,525,363,346,180,0
367,563,338,350,32,0
368,587,372,75,150,1
369,584,378,75,124,1
370,582,383,75,164,1
371,579,389,75,142,1
372,540,416,344,203,0
373,537,416,344,180,0
374,527,408,343,24,0
375,527,405,343,332,0
376,527,394,343,144,0
377,524,388,342,130,0
378,517,388,342,42,0
379,520,388,342,186,0
380,517,338,345,118,0
381,523,353,346,117,0
382,557,338,350,176,0
383,560,338,350,181,0
384,511,336,345,53,0
385,525,322,348,56,0
386,511,309,347,53,0
387,497,322,100,118,1
388,512,334,345,216,0
389,507,311,347,131,0
390,518,311,347,128,0
391,525,309,347,113,0
392,552,295,781,56,0
393,525,281,352,113,0
394,497,295,101,118,1
395,544,283,353,131,0
396,544,306,780,135,0
397,533,283,353,127,0
398,533,306,780,140,0
399,521,283,352,140,0
400,521,306,347,137,0
401,508,283,352,143,0
402,508,306,347,157,0
403,511,281,352,53,0
404,525,268,786,56,0
405,511,254,357,53,0
406,497,268,102,118,1
407,507,256,357,120,0
408,517,256,357,122,0
409,518,279,352,116,0
410,507,279,352,118,0
411,698,597,7,77,1
412,716,614,8,112,1
413,733,629,9,101,1
414,755,635,10,110,1
415,777,644,11,118,1
416,797,660,12,121,1
417,818,659,370,53,0
418,820,640,371,60,0
419,822,621,372,60,0
420,824,602,373,60,0
421,826,583,374,59,0
422,823,567,375,59,0
423,801,568,127,115,1
424,781,583,126,124,1
425,757,592,125,124,1
426,732,594,124,110,1
427,705,591,123,112,1
428,813,661,370,165,0
429,821,654,370,154,0
430,814,624,372,191,0
431,824,616,372,191,0
432,789,647,11,118,1
433,782,642,11,194,1
434,814,637,371,107,0
435,831,573,375,78,0
436,811,633,371,52,0
437,809,631,371,295,0
438,821,568,375,176,0
439,791,583,126,218,1
440,781,588,126,224,1
441,813,592,373,206,0
442,773,636,11,153,1
443,768,632,10,141,1
444,758,631,10,15,1
445,769,595,125,187,1
446,761,596,125,208,1
447,805,570,127,112,1
448,800,575,127,140,1
449,816,596,373,115,0
450,819,599,373,130,0
451,764,632,10,134,1
452,761,631,10,151,1
453,751,630,10,142,1
454,746,630,10,187,1
455,751,598,125,136,1
456,740,599,124,175,1
457,734,624,9,217,1
458,727,598,124,175,1
459,734,599,124,143,1
460,727,620,9,139,1
461,511,254,357,53,0
462,525,240,358,56,0
463,511,227,359,53,0
464,497,240,103,118,1
465,507,229,359,115,0
466,518,229,359,112,0
467,517,252,357,135,0
468,507,252,357,114,0
469,511,227,359,58,0
470,525,240,358,60,0
471,552,254,782,116,0
472,581,233,470,86,0
473,558,199,154,256,1
474,515,179,153,164,1
475,497,199,104,235,1
476,570,252,783,127,0
477,559,252,783,114,0
478,538,252,785,155,0
479,579,224,470,193,0
480,579,239,470,183,0
481,529,252,785,141,0
482,512,224,359,173,0
483,503,224,359,112,0
484,554,252,783,121,0
485,547,252,785,124,0
486,571,211,155,124,1
487,567,209,155,120,1
488,563,207,155,133,1
489,559,205,155,140,1
490,502,198,146,152,1
491,510,182,153,145,1
492,523,188,153,219,1
493,529,190,153,191,1
494,537,194,154,157,1
495,543,197,154,190,1
496,549,200,154,149,1
497,554,203,154,146,1
498,527,231,358,104,0
499,523,224,359,164,0
500,483,63,382,713862,0
501,599,359,76,123,1
502,607,328,77,74,1
503,594,309,788,55,0
504,580,322,787,58,0
505,587,353,351,73,0
506,589,311,788,190,0
507,600,311,788,159,0
508,590,356,351,107,0
509,604,333,77,212,1
510,585,342,351,200,0
511,612,334,171,65,1
512,613,320,78,28,1
513,606,332,77,67,1
514,612,325,78,0,1
515,428,199,107,112,1
516,414,213,360,53,0
517,428,227,369,53,0
518,442,213,178,112,1
519,433,224,369,196,0
520,422,224,369,112,0
521,417,209,360,117,0
522,442,186,179,112,1
523,414,172,364,113,0
524,387,186,366,53,0
525,414,199,107,241,1
526,389,189,366,129,0
527,395,174,365,112,0
528,406,195,108,111,1
529,406,174,365,123,0
530,419,195,107,135,1
531,419,174,364,129,0
532,431,174,364,121,0
533,431,195,107,132,1
534,631,298,79,232,1
535,626,277,356,69,0
536,608,295,789,59,0
537,607,313,790,17,0
538,613,320,78,43,1
539,630,279,356,102,0
540,617,282,356,176,0
541,610,295,789,165,0
542,610,311,790,110,0
543,401,199,108,118,1
544,387,213,367,53,0
545,401,227,368,56,0
546,414,213,360,53,0
547,394,224,368,214,0
548,406,224,368,129,0
549,412,209,360,133,0
550,442,145,180,246,1
551,428,117,389,53,0
552,414,145,800,116,0
553,428,172,364,53,0
554,422,119,389,148,0
555,433,119,389,122,0
556,417,140,801,152,0
557,437,140,181,144,1
558,417,152,805,121,0
559,437,152,180,111,1
560,421,170,364,113,0
561,432,170,364,129,0
562,428,227,369,53,0
563,414,240,361,53,0
564,428,254,176,112,1
565,442,240,177,112,1
566,422,229,369,214,0
567,432,229,369,211,0
568,815,677,13,104,1
569,834,681,376,54,0
570,859,671,377,57,0
571,861,650,677,80,0
572,829,651,791,113,0
573,853,671,377,151,0
574,864,666,377,170,0
575,845,640,791,177,0
576,836,648,791,184,0
577,831,680,376,114,0
578,847,673,377,166,0
579,826,655,370,147,0
580,817,663,370,149,0
581,345,199,110,375,1
582,304,213,409,53,0
583,318,227,444,60,0
584,331,240,445,60,0
585,345,254,794,56,0
586,359,240,563,60,0
587,373,227,562,60,0
588,387,213,367,53,0
589,338,252,794,201,0
590,349,252,794,169,0
591,357,234,563,206,0
592,316,224,444,191,0
593,306,209,409,202,0
594,329,224,444,152,0
595,333,204,110,205,1
596,375,224,562,207,0
597,385,209,367,197,0
598,363,224,562,36,0
599,359,224,562,225,0
600,348,204,110,133,1
601,359,204,109,118,1
602,387,186,366,53,0
603,373,172,385,56,0
604,359,186,384,53,0
605,373,199,109,118,1
606,361,190,384,107,0
607,367,174,385,125,0
608,379,174,385,117,0
609,385,189,366,126,0
610,428,254,176,91,1
611,428,268,175,129,1
612,442,268,186,91,1
613,432,259,176,66,1
614,650,261,81,120,1
615,619,231,157,364,1
616,581,233,470,86,0
617,580,268,471,58,0
618,594,281,355,58,0
619,626,277,356,75,0
620,583,250,470,170,0
621,627,275,356,119,0
622,585,279,355,185,0
623,592,279,355,189,0
624,583,239,470,191,0
625,584,225,470,183,0
626,615,234,157,222,1
627,607,279,355,128,0
628,601,279,355,195,0
629,623,238,157,216,1
630,630,241,158,205,1
631,638,272,356,197,0
632,605,228,156,142,1
633,609,231,157,124,1
634,646,249,158,107,1
635,638,245,158,124,1
636,656,268,187,83,1
637,662,255,159,53,1
638,650,261,81,81,1
639,657,262,187,17,1
640,827,699,14,113,1
641,844,706,415,53,0
642,852,688,416,55,0
643,834,681,376,51,0
644,844,704,415,220,0
645,841,681,376,125,0
646,832,685,376,108,0
647,359,186,384,53,0
648,345,172,418,56,0
649,331,186,417,53,0
650,345,199,110,118,1
651,334,190,417,115,0
652,340,174,418,132,0
653,351,174,418,123,0
654,357,190,384,106,0
655,442,76,183,369,1
656,290,35,198,1396,1
657,138,63,717,113,0
658,152,90,852,56,0
659,166,76,428,60,0
660,180,63,429,65,0
661,193,76,430,60,0
662,207,90,431,60,0
663,221,104,432,60,0
664,262,117,816,176,0
665,304,90,394,118,0
666,304,63,395,0,0
667,304,76,395,58,0
668,331,90,394,121,0
669,359,104,392,60,0
670,373,117,391,56,0
671,387,104,388,58,0
672,387,90,388,0,0
673,387,104,388,58,0
674,414,117,389,113,0
675,304,63,395,17330,0
676,428,268,175,145,1
677,414,268,362,48,0
678,428,281,396,48,0
679,425,279,396,136,0
680,428,281,396,49,0
681,420,293,363,46,0
682,434,293,174,109,1
683,426,283,396,121,0
684,414,254,175,116,1
685,401,227,368,56,0
686,387,254,560,116,0
687,401,281,397,56,0
688,395,229,368,153,0
689,407,229,368,141,0
690,389,248,561,151,0
691,412,248,361,132,0
692,389,261,560,149,0
693,412,261,362,175,0
694,394,279,397,121,0
695,406,279,397,145,0
696,662,237,82,107,1
697,656,219,188,107,1
698,638,225,192,107,1
699,644,243,158,107,1
700,642,237,158,161,1
701,658,225,188,168,1
702,662,255,159,75,1
703,744,341,163,1016,1
704,840,403,728,235,0
705,785,304,140,1016,1
706,695,212,145,157,1
707,669,225,188,235,1
708,694,218,145,10816,1
709,835,721,15,96,1
710,853,729,423,54,0
711,862,714,424,55,0
712,844,706,415,53,0
713,854,727,423,192,0
714,850,706,415,124,0
715,841,710,415,108,0
716,819,711,414,44,0
717,810,724,804,55,0
718,826,735,422,51,0
719,835,721,15,96,1
720,825,733,422,190,0
721,819,713,414,173,0
722,331,172,417,113,0
723,318,145,796,60,0
724,304,131,797,60,0
725,276,117,816,116,0
726,249,131,827,56,0
727,262,145,439,60,0
728,276,172,441,118,0
729,304,199,112,246,1
730,323,147,796,122,0
731,329,162,795,122,0
732,314,147,796,118,0
733,307,147,796,139,0
734,297,195,112,199,1
735,278,187,441,170,0
736,278,176,441,178,0
737,278,170,440,161,0
738,329,170,795,179,0
739,329,176,417,150,0
740,311,195,111,210,1
741,329,187,417,179,0
742,257,142,439,153,0
743,257,119,816,134,0
744,269,142,439,126,0
745,269,119,816,139,0
746,282,119,817,214,0
747,296,119,817,179,0
748,302,137,797,71,0
749,278,146,440,191,0
750,278,158,440,189,0
751,302,145,796,335,0
752,302,141,797,41,0
753,420,293,363,51,0
754,401,281,397,56,0
755,387,295,398,60,0
756,373,309,399,60,0
757,359,336,566,115,0
758,376,357,452,69,0
759,409,328,172,272,1
760,384,352,452,194,0
761,409,283,397,163,0
762,371,356,452,164,0
763,370,311,399,216,0
764,361,329,566,182,0
765,383,311,399,199,0
766,402,283,397,109,0
767,393,283,397,134,0
768,389,308,398,216,0
769,389,301,398,104,0
770,410,318,173,88,1
771,421,300,363,158,0
772,361,344,567,148,0
773,361,337,567,129,0
774,404,327,172,45,1
775,399,333,172,189,1
776,401,330,172,39,1
777,681,201,145,235,1
778,682,170,209,107,1
779,657,188,476,235,0
780,656,219,188,107,1
781,679,174,209,219,1
782,679,194,84,222,1
783,674,204,83,189,1
784,659,215,188,197,1
785,638,225,192,107,1
786,620,200,189,235,1
787,589,200,191,107,1
788,607,224,156,235,1
789,601,196,190,174,1
790,602,217,156,207,1
791,613,222,157,212,1
792,632,212,189,117,1
793,624,228,157,118,1
794,839,743,16,103,1
795,841,767,17,106,1
796,858,775,214,112,1
797,879,763,235,102,1
798,898,748,236,119,1
799,901,729,501,58,0
800,880,721,502,59,0
801,853,729,423,57,0
802,902,734,501,173,0
803,886,721,502,181,0
804,876,759,235,212,1
805,887,749,236,159,1
806,876,725,502,133,0
807,864,729,423,148,0
808,854,731,423,208,0
809,846,733,423,128,0
810,855,771,214,146,1
811,844,758,17,126,1
812,864,768,214,127,1
813,867,767,214,126,1
814,290,199,112,118,1
815,276,213,442,53,0
816,290,227,443,56,0
817,304,213,409,53,0
818,284,224,443,120,0
819,278,209,442,107,0
820,296,224,443,137,0
821,302,208,409,112,0
822,695,212,145,153,1
823,739,196,297,370,1
824,760,158,752,53,0
825,731,167,468,120,0
826,702,181,467,38,0
827,688,188,84,114,1
828,744,157,753,169,0
829,761,162,752,201,0
830,734,167,753,196,0
831,706,185,467,130,0
832,726,174,468,114,0
833,741,189,297,123,1
834,732,196,297,155,1
835,726,203,296,128,1
836,703,213,145,151,1
837,719,209,296,155,1
838,699,181,467,170,0
839,692,203,145,163,1
840,262,199,113,118,1
841,249,227,474,113,0
842,262,254,820,56,0
843,276,227,442,113,0
844,268,252,820,145,0
845,256,252,820,128,0
846,274,234,806,141,0
847,251,234,824,132,0
848,274,222,442,146,0
849,251,222,474,137,0
850,251,210,474,154,0
851,274,210,442,127,0
852,276,186,441,53,0
853,262,172,472,56,0
854,249,186,473,53,0
855,262,199,113,118,1
856,269,174,472,217,0
857,251,190,473,119,0
858,257,174,472,140,0
859,702,181,467,35,0
860,721,176,468,55,0
861,719,159,469,54,0
862,700,164,85,118,1
863,718,162,469,151,0
864,705,180,467,225,0
865,846,792,18,114,1
866,861,805,482,61,0
867,882,816,481,60,0
868,900,822,576,58,0
869,924,813,577,46,0
870,929,800,217,97,1
871,914,781,216,122,1
872,888,771,215,150,1
873,858,775,214,115,1
874,902,775,215,203,1
875,859,803,482,115,0
876,872,801,482,182,0
877,921,812,577,134,0
878,899,775,215,149,1
879,891,775,215,177,1
880,882,775,215,181,1
881,875,775,215,191,1
882,851,791,18,158,1
883,859,779,214,135,1
884,927,805,217,34,1
885,923,799,217,219,1
886,897,821,576,34,0
887,902,819,576,199,0
888,892,824,576,124,0
889,889,825,576,114,0
890,235,199,114,112,1
891,221,213,249,112,1
892,235,227,475,53,0
893,249,213,474,53,0
894,242,224,475,194,0
895,231,224,475,113,0
896,231,204,114,119,1
897,249,186,473,58,0
898,262,172,472,60,0
899,276,158,440,56,0
900,249,145,438,116,0
901,221,172,496,113,0
902,235,199,114,118,1
903,267,147,439,184,0
904,267,170,472,152,0
905,253,170,472,131,0
906,253,147,439,146,0
907,242,147,438,136,0
908,230,147,438,158,0
909,246,171,472,183,0
910,223,166,434,152,0
911,223,189,496,129,0
912,223,179,496,145,0
913,246,178,473,112,0
914,246,189,473,117,0
915,719,159,469,56,0
916,741,158,753,59,0
917,766,138,828,75,0
918,769,122,547,59,0
919,763,104,546,60,0
920,757,85,545,53,0
921,725,115,87,376,1
922,761,90,545,219,0
923,752,85,545,182,0
924,730,164,469,71,0
925,770,125,547,143,0
926,759,119,547,184,0
927,754,114,546,206,0
928,751,145,828,97,0
929,758,141,828,150,0
930,726,124,87,173,1
931,722,131,86,197,1
932,725,161,469,213,0
933,716,155,469,212,0
934,733,112,87,113,1
935,730,117,87,132,1
936,657,158,210,118,1
937,638,163,497,53,0
938,644,182,500,56,0
939,663,176,476,53,0
940,640,177,500,115,0
941,642,161,497,115,0
942,650,182,500,111,0
943,663,172,476,134,0
944,607,194,190,112,1
945,626,188,498,53,0
946,620,169,499,53,0
947,601,175,213,112,1
948,625,174,499,206,0
949,615,170,499,218,0
950,842,818,226,121,1
951,838,841,478,32,0
952,850,845,479,54,0
953,855,823,483,69,0
954,851,821,483,81,0
955,844,845,479,91,0
956,854,841,479,148,0
957,835,805,19,92,1
958,813,809,20,98,1
959,800,824,261,80,1
960,817,832,253,168,1
961,842,818,226,101,1
962,811,828,253,194,1
963,827,827,253,203,1
964,832,810,19,108,1
965,855,823,483,76,0
966,875,834,480,56,0
967,882,816,481,56,0
968,861,805,482,60,0
969,879,829,480,169,0
970,869,834,480,169,0
971,869,806,482,151,0
972,856,807,482,155,0
973,888,771,215,102,1
974,895,763,255,75,1
975,879,763,235,68,1
976,887,766,215,26,1
977,193,199,115,241,1
978,166,240,882,174,0
979,180,281,586,58,0
980,193,281,586,0,0
981,180,281,586,58,0
982,166,322,887,176,0
983,180,363,866,56,0
984,193,336,602,121,0
985,209,309,604,64,0
986,223,295,252,126,1
987,221,240,250,375,1
988,185,361,866,222,0
989,173,361,866,195,0
990,191,334,603,205,0
991,168,339,886,110,0
992,168,329,887,127,0
993,206,307,604,64,0
994,191,315,603,226,0
995,187,204,116,220,1
996,216,227,250,221,1
997,198,204,115,210,1
998,168,319,887,112,0
999,168,309,887,128,0
1000,168,240,882,133,0
1001,168,234,882,137,0
1002,168,229,882,116,0
1003,168,224,504,116,0
1004,168,218,504,107,0
1005,168,209,504,121,0
1006,216,240,250,128,1
1007,216,235,250,117,1
1008,216,218,249,120,1
1009,210,204,115,118,1
1010,168,300,880,209,0
1011,168,292,880,197,0
1012,174,279,586,72,0
1013,168,260,881,198,0
1014,168,253,882,183,0
1015,168,246,882,182,0
1016,206,304,604,148,0
1017,218,293,252,201,1
1018,217,286,252,155,1
1019,194,279,586,166,0
1020,216,272,251,163,1
1021,216,264,251,164,1
1022,216,256,251,185,1
1023,216,247,250,214,1
1024,175,283,586,72,0
1025,193,281,586,156,0
1026,168,271,881,124,0
1027,168,266,881,111,0
1028,221,186,496,53,0
1029,193,172,435,116,0
1030,166,186,505,53,0
1031,193,199,115,246,1
1032,168,189,505,145,0
1033,175,174,854,145,0
1034,188,195,116,135,1
1035,188,174,854,112,0
1036,200,195,115,114,1
1037,200,174,435,130,0
1038,212,174,435,124,0
1039,219,189,496,138,0
1040,632,145,211,112,1
1041,614,151,212,112,1
1042,620,169,499,53,0
1043,638,163,497,53,0
1044,618,166,499,222,0
1045,627,170,499,203,0
1046,632,206,189,118,1
1047,650,200,477,53,0
1048,644,182,500,56,0
1049,626,188,498,53,0
1050,647,203,477,117,0
1051,649,187,500,111,0
1052,638,181,500,132,0
1053,626,193,498,116,0
1054,828,839,227,102,1
1055,808,853,228,110,1
1056,789,868,229,120,1
1057,769,883,230,123,1
1058,746,890,231,98,1
1059,742,907,633,62,0
1060,799,899,697,237,0
1061,843,863,572,59,0
1062,838,841,478,36,0
1063,755,893,231,109,1
1064,742,902,633,137,0
1065,755,916,696,146,0
1066,766,911,696,135,0
1067,769,888,230,140,1
1068,778,906,697,123,0
1069,779,883,230,152,1
1070,791,900,697,171,0
1071,793,871,229,138,1
1072,804,861,228,190,1
1073,804,894,698,180,0
1074,815,889,698,165,0
1075,840,878,699,210,0
1076,830,882,699,118,0
1077,823,885,699,112,0
1078,811,857,228,123,1
1079,817,853,228,106,1
1080,838,858,572,211,0
1081,836,854,572,57,0
1082,817,832,253,146,1
1083,798,847,254,89,1
1084,808,853,228,91,1
1085,828,839,227,83,1
1086,813,837,253,153,1
1087,895,763,255,100,1
1088,914,781,216,125,1
1089,935,783,552,53,0
1090,939,764,580,58,0
1091,932,753,580,0,0
1092,939,764,580,58,0
1093,962,764,553,78,0
1094,975,739,269,119,1
1095,977,714,270,119,1
1096,971,701,568,39,0
1097,946,700,569,57,0
1098,929,711,238,106,1
1099,917,731,237,124,1
1100,898,748,236,111,1
1101,972,752,553,181,0
1102,929,725,237,194,1
1103,969,755,553,200,0
1104,962,760,553,221,0
1105,934,781,552,198,0
1106,943,776,552,35,0
1107,924,730,237,187,1
1108,931,752,580,222,0
1109,909,747,236,205,1
1110,900,752,236,222,1
1111,962,703,568,67,0
1112,942,702,569,217,0
1113,970,703,568,100,0
1114,934,711,238,27,1
1115,932,716,238,258,1
1116,917,777,216,154,1
1117,912,772,216,118,1
1118,953,768,553,170,0
1119,972,715,270,80,1
1120,935,762,580,24,0
1121,932,753,580,207,0
1122,970,719,270,52,1
1123,970,722,270,260,1
1124,221,254,250,246,1
1125,235,281,554,53,0
1126,249,254,820,116,0
1127,235,227,475,53,0
1128,241,279,554,121,0
1129,231,279,554,121,0
1130,246,261,821,130,0
1131,226,261,251,152,1
1132,246,247,824,131,0
1133,226,247,250,153,1
1134,241,229,475,119,0
1135,231,229,475,117,0
1136,791,816,21,86,1
1137,768,819,22,113,1
1138,745,826,23,108,1
1139,726,839,24,106,1
1140,706,852,25,121,1
1141,683,862,26,118,1
1142,667,876,27,64,1
1143,675,885,234,98,1
1144,699,887,233,106,1
1145,722,890,232,117,1
1146,746,890,231,101,1
1147,769,883,230,116,1
1148,789,868,229,113,1
1149,798,847,254,114,1
1150,800,824,261,85,1
1151,699,883,233,208,1
1152,702,858,25,224,1
1153,678,881,234,188,1
1154,690,864,26,170,1
1155,787,864,229,161,1
1156,713,854,25,141,1
1157,719,852,25,178,1
1158,773,823,22,212,1
1159,793,842,254,72,1
1160,793,849,254,200,1
1161,776,874,230,149,1
1162,773,875,230,128,1
1163,769,878,230,165,1
1164,764,880,230,98,1
1165,760,881,230,140,1
1166,755,884,231,117,1
1167,751,885,231,90,1
1168,746,886,231,196,1
1169,741,887,231,120,1
1170,734,888,232,141,1
1171,730,887,232,45,1
1172,723,886,232,206,1
1173,734,838,24,64,1
1174,729,843,24,186,1
1175,739,834,23,135,1
1176,744,832,23,116,1
1177,748,829,23,165,1
1178,752,827,23,86,1
1179,758,824,22,130,1
1180,762,824,22,114,1
1181,792,833,261,139,1
1182,794,828,261,172,1
1183,917,731,237,109,1
1184,929,711,238,103,1
1185,920,690,570,61,0
1186,895,686,819,57,0
1187,888,704,679,58,0
1188,901,729,501,59,0
1189,887,691,819,104,0
1190,896,717,501,152,0
1191,898,687,819,98,0
1192,913,687,570,217,0
1193,926,698,570,97,0
1194,922,694,570,144,0
1195,902,727,501,168,0
1196,921,720,237,139,1
1197,917,724,237,130,1
1198,152,199,117,118,1
1199,138,213,510,53,0
1200,152,227,503,56,0
1201,166,213,504,53,0
1202,158,224,503,214,0
1203,147,224,503,123,0
1204,140,209,510,138,0
1205,166,172,505,113,0
1206,152,145,507,56,0
1207,138,172,509,113,0
1208,152,199,117,118,1
1209,146,147,507,146,0
1210,157,147,507,165,0
1211,140,166,508,140,0
1212,164,166,506,151,0
1213,140,190,509,125,0
1214,140,179,509,149,0
1215,164,178,505,115,0
1216,164,189,505,120,0
1217,929,800,217,97,1
1218,949,804,578,54,0
1219,954,787,579,55,0
1220,935,783,552,53,0
1221,948,802,578,183,0
1222,942,781,552,114,0
1223,933,787,552,137,0
1224,124,199,118,118,1
1225,110,240,582,174,0
1226,124,281,584,56,0
1227,138,240,511,174,0
1228,136,249,511,200,0
1229,113,249,582,203,0
1230,136,232,511,194,0
1231,113,232,582,213,0
1232,113,213,581,218,0
1233,136,263,512,134,0
1234,130,279,584,124,0
1235,118,279,584,110,0
1236,113,263,583,120,0
1237,136,218,510,120,0
1238,136,208,510,108,0
1239,138,186,509,53,0
1240,124,172,863,60,0
1241,110,158,862,60,0
1242,97,145,861,56,0
1243,83,158,643,60,0
1244,69,172,644,60,0
1245,55,186,645,53,0
1246,97,199,119,375,1
1247,91,147,861,149,0
1248,85,165,643,167,0
1249,103,147,861,151,0
1250,108,167,862,125,0
1251,67,174,644,201,0
1252,57,189,645,208,0
1253,81,174,644,208,0
1254,112,174,863,195,0
1255,107,195,119,196,1
1256,126,174,863,207,0
1257,136,190,509,197,0
1258,82,195,120,117,1
1259,92,195,119,123,1
1260,223,295,252,122,1
1261,236,309,605,49,0
1262,262,309,606,58,0
1263,276,295,607,56,0
1264,249,281,554,113,0
1265,263,283,555,226,0
1266,268,306,606,141,0
1267,258,306,606,134,0
1268,250,306,606,160,0
1269,245,283,554,162,0
1270,233,307,605,129,0
1271,232,283,554,128,0
1272,931,689,239,84,1
1273,927,666,240,111,1
1274,911,655,379,51,0
1275,903,668,571,56,0
1276,920,690,570,57,0
1277,911,657,379,167,0
1278,922,689,570,48,0
1279,923,671,240,112,1
1280,914,683,570,152,0
1281,946,700,569,54,0
1282,958,687,609,55,0
1283,943,676,608,53,0
1284,931,689,239,95,1
1285,944,678,608,224,0
1286,947,698,569,201,0
1287,942,820,218,106,1
1288,961,827,629,46,0
1289,967,811,830,55,0
1290,949,804,578,54,0
1291,961,825,629,193,0
1292,951,806,578,222,0
1293,924,813,577,45,0
1294,918,829,638,55,0
1295,937,836,628,51,0
1296,942,820,218,106,1
1297,934,835,628,221,0
1298,924,816,577,175,0
1299,97,199,119,118,1
1300,83,213,631,53,0
1301,97,227,632,56,0
1302,110,213,581,53,0
1303,91,224,632,107,0
1304,85,209,631,126,0
1305,102,224,632,119,0
1306,108,209,581,124,0
1307,209,309,604,1492,0
1308,943,676,608,53,0
1309,954,660,834,55,0
1310,938,650,380,54,0
1311,927,666,240,106,1
1312,940,652,380,194,0
1313,949,673,608,119,0
1314,939,674,608,138,0
1315,951,842,219,110,1
1316,952,868,220,127,1
1317,955,892,221,87,1
1318,966,895,262,85,1
1319,981,878,263,103,1
1320,992,857,264,121,1
1321,996,833,265,99,1
1322,985,823,630,49,0
1323,961,827,629,48,0
1324,970,884,262,120,1
1325,965,889,262,162,1
1326,957,871,220,125,1
1327,990,846,264,191,1
1328,988,853,264,159,1
1329,984,868,263,152,1
1330,957,861,220,155,1
1331,957,850,219,137,1
1332,956,841,219,166,1
1333,973,826,630,156,0
1334,988,825,630,101,0
1335,978,825,630,126,0
1336,937,836,628,51,0
1337,930,854,637,55,0
1338,944,860,636,39,0
1339,951,842,219,104,1
1340,943,859,636,149,0
1341,936,839,628,204,0
1342,69,199,120,118,1
1343,55,213,646,53,0
1344,69,227,647,56,0
1345,83,213,631,53,0
1346,75,224,647,215,0
1347,64,224,647,134,0
1348,57,209,646,127,0
1349,722,890,232,119,1
1350,699,887,233,105,1
1351,675,885,234,112,1
1352,652,890,28,101,1
1353,652,913,610,81,0
1354,674,925,611,61,0
1355,693,932,612,60,0
1356,711,939,613,60,0
1357,729,945,614,60,0
1358,747,952,930,56,0
1359,754,934,634,58,0
1360,742,907,633,66,0
1361,692,891,233,182,1
1362,651,907,610,220,0
1363,669,925,611,218,0
1364,680,920,611,177,0
1365,667,889,234,109,1
1366,660,891,28,120,1
1367,705,939,613,144,0
1368,717,934,613,167,0
1369,700,892,233,458,1
1370,706,892,233,217,1
1371,752,947,930,141,0
1372,742,952,930,158,0
1373,689,920,612,189,0
1374,693,927,612,174,0
1375,739,906,633,217,0
1376,736,900,633,187,0
1377,728,937,614,149,0
1378,724,930,613,159,0
1379,746,921,633,183,0
1380,743,915,633,152,0
1381,923,643,241,98,1
1382,921,620,242,116,1
1383,906,603,668,57,0
1384,884,588,823,59,0
1385,854,595,674,116,0
1386,841,623,676,56,0
1387,861,625,792,58,0
1388,871,616,792,0,0
1389,861,625,792,58,0
1390,861,650,677,81,0
1391,885,660,378,59,0
1392,911,655,379,54,0
1393,880,660,378,159,0
1394,858,630,792,109,0
1395,871,585,808,204,0
1396,862,592,808,199,0
1397,889,598,823,187,0
1398,918,641,241,200,1
1399,891,656,378,114,0
1400,901,653,379,148,0
1401,867,654,677,97,0
1402,864,650,677,138,0
1403,862,647,677,123,0
1404,860,644,677,144,0
1405,855,627,792,44,0
1406,871,616,792,222,0
1407,841,609,675,116,0
1408,845,624,676,141,0
1409,849,602,675,146,0
1410,855,597,675,131,0
1411,900,603,668,21,0
1412,894,602,668,220,0
1413,911,607,668,31,0
1414,914,608,668,34,0
1415,916,652,379,55,0
1416,906,605,668,35,0
1417,904,605,668,262,0
1418,916,615,242,34,1
1419,916,618,242,286,1
1420,907,653,379,202,0
1421,910,652,379,53,0
1422,938,650,380,53,0
1423,946,631,835,67,0
1424,931,624,650,45,0
1425,923,643,241,98,1
1426,932,625,650,191,0
1427,944,647,380,115,0
1428,934,649,380,119,0
1429,944,860,636,39,0
1430,929,869,655,30,0
1431,924,879,656,27,0
1432,938,884,657,52,0
1433,952,868,220,110,1
1434,932,883,657,130,0
1435,942,881,657,180,0
1436,41,199,121,118,1
1437,28,213,661,53,0
1438,41,227,662,56,0
1439,55,213,646,53,0
1440,36,224,662,116,0
1441,30,209,661,123,0
1442,47,224,662,115,0
1443,53,209,646,122,0
1444,55,186,645,53,0
1445,41,172,659,56,0
1446,28,186,660,53,0
1447,41,199,121,118,1
1448,30,189,660,132,0
1449,36,174,659,112,0
1450,47,174,659,118,0
1451,53,190,645,114,0
1452,931,624,650,45,0
1453,949,606,651,58,0
1454,948,586,652,60,0
1455,946,567,653,60,0
1456,945,548,721,51,0
1457,931,550,245,95,1
1458,924,571,244,105,1
1459,920,595,243,117,1
1460,921,620,242,101,1
1461,924,608,242,100,1
1462,950,591,652,205,0
1463,929,623,650,38,0
1464,941,547,721,84,0
1465,949,554,721,151,0
1466,940,571,653,118,0
1467,942,610,651,100,0
1468,935,617,650,134,0
1469,926,581,244,127,1
1470,940,582,652,161,0
1471,938,884,657,51,0
1472,924,879,656,30,0
1473,917,875,855,23,0
1474,916,890,625,55,0
1475,937,892,658,66,0
1476,933,887,657,204,0
1477,937,892,658,74,0
1478,910,908,624,58,0
1479,903,926,487,56,0
1480,921,933,704,59,0
1481,948,927,705,56,0
1482,960,915,222,106,1
1483,955,892,221,98,1
1484,956,925,705,87,0
1485,919,932,704,44,0
1486,953,900,221,100,1
1487,942,891,658,153,0
1488,937,925,705,74,0
1489,949,925,705,172,0
1490,907,912,624,194,0
1491,907,931,487,183,0
1492,919,907,624,216,0
1493,930,900,658,213,0
1494,14,199,122,118,1
1495,0,213,688,53,0
1496,14,227,689,56,0
1497,28,213,661,53,0
1498,8,224,689,119,0
1499,2,209,688,128,0
1500,20,224,689,103,0
1501,25,209,661,125,0
1502,28,186,660,53,0
1503,14,172,856,56,0
1504,0,186,687,53,0
1505,14,199,122,118,1
1506,8,174,856,226,0
1507,19,174,856,123,0
1508,25,189,660,127,0
1509,920,595,243,97,1
1510,907,591,669,59,0
1511,906,603,668,50,0
1512,907,601,668,137,0
1513,960,915,222,98,1
1514,973,920,706,51,0
1515,980,900,707,55,0
1516,966,895,262,88,1
1517,974,918,706,201,0
1518,976,898,707,105,0
1519,924,571,244,96,1
1520,931,550,245,108,1
1521,954,521,247,236,1
1522,945,474,276,363,1
1523,877,481,170,501,1
1524,829,530,129,123,1
1525,816,550,128,98,1
1526,823,567,375,60,0
1527,858,557,672,122,0
1528,888,550,671,63,0
1529,909,571,670,64,0
1530,946,482,276,211,1
1531,944,525,246,217,1
1532,934,534,246,199,1
1533,912,455,133,221,1
1534,861,502,131,226,1
1535,866,497,131,221,1
1536,870,493,131,220,1
1537,926,551,245,40,1
1538,922,561,244,203,1
1539,877,539,672,143,0
1540,891,549,671,139,0
1541,901,561,670,167,0
1542,910,570,670,203,0
1543,949,520,246,118,1
1544,954,515,247,142,1
1545,962,508,247,110,1
1546,958,494,275,116,1
1547,953,489,275,134,1
1548,950,486,276,113,1
1549,940,528,246,124,1
1550,938,530,246,121,1
1551,931,537,245,110,1
1552,930,540,245,141,1
1553,900,466,133,118,1
1554,905,461,133,124,1
1555,931,465,277,126,1
1556,934,469,276,152,1
1557,938,473,276,148,1
1558,942,477,276,129,1
1559,896,469,132,152,1
1560,894,472,132,136,1
1561,891,474,132,122,1
1562,889,476,132,142,1
1563,886,479,132,146,1
1564,883,481,132,149,1
1565,881,484,132,133,1
1566,878,486,131,143,1
1567,818,561,375,144,0
1568,830,537,129,217,1
1569,828,567,375,220,0
1570,873,542,672,342,0
1571,873,490,131,118,1
1572,876,488,131,109,1
1573,927,546,245,46,1
1574,928,544,245,349,1
1575,923,557,245,10,1
1576,924,555,245,222,1
1577,846,563,673,122,0
1578,852,559,673,134,0
1579,860,553,672,201,0
1580,868,546,672,195,0
1581,837,526,129,173,1
1582,843,518,130,170,1
1583,850,512,130,164,1
1584,856,506,130,137,1
1585,909,571,670,65,0
1586,886,569,809,56,0
1587,884,588,823,56,0
1588,907,591,669,67,0
1589,885,573,809,185,0
1590,899,593,669,188,0
1591,894,566,809,114,0
1592,911,585,669,152,0
1593,967,937,223,102,1
1594,986,943,719,53,0
1595,992,926,720,55,0
1596,973,920,706,53,0
1597,986,940,719,200,0
1598,980,919,706,122,0
1599,971,924,706,112,0
1600,948,927,705,52,0
1601,945,952,493,115,0
1602,967,973,495,41,0
1603,975,959,224,101,1
1604,967,937,223,109,1
1605,947,930,705,117,0
1606,970,970,495,95,0
1607,963,973,495,140,0
1608,967,946,223,143,1
1609,950,956,494,136,0
1610,962,937,223,120,1
1611,944,945,936,116,0
1612,110,35,204,246,1
1613,83,63,639,113,0
1614,97,90,714,56,0
1615,110,76,715,60,0
1616,124,63,716,60,0
1617,138,49,717,53,0
1618,116,60,716,129,0
1619,116,40,204,119,1
1620,129,60,716,140,0
1621,136,45,717,141,0
1622,108,71,715,117,0
1623,103,88,714,129,0
1624,91,88,714,145,0
1625,85,71,640,133,0
1626,108,63,715,134,0
1627,85,59,639,160,0
1628,85,46,639,177,0
1629,104,40,205,154,1
1630,41,35,207,375,1
1631,0,49,680,53,0
1632,41,63,917,176,0
1633,83,49,639,53,0
1634,11,60,681,176,0
1635,2,45,680,195,0
1636,30,60,917,204,0
1637,30,40,207,189,1
1638,49,60,917,214,0
1639,49,40,207,195,1
1640,65,60,918,220,0
1641,75,60,918,215,0
1642,999,808,266,123,1
1643,996,783,267,112,1
1644,984,761,268,109,1
1645,962,764,553,77,0
1646,954,787,579,58,0
1647,967,811,830,59,0
1648,985,823,630,49,0
1649,992,786,267,206,1
1650,985,769,268,211,1
1651,968,761,553,195,0
1652,956,771,553,210,0
1653,960,792,579,215,0
1654,963,797,579,194,0
1655,968,808,830,143,0
1656,980,821,630,175,0
1657,990,820,630,199,0
1658,907,434,134,112,1
1659,888,433,725,58,0
1660,868,432,726,60,0
1661,849,432,727,53,0
1662,858,461,169,241,1
1663,897,462,133,235,1
1664,871,438,726,206,0
1665,848,436,727,129,0
1666,855,429,727,119,0
1667,882,441,725,224,0
1668,876,444,726,151,0
1669,864,461,170,150,1
1670,881,471,132,140,1
1671,889,463,132,116,1
1672,891,433,725,128,0
1673,905,448,133,144,1
1674,965,455,722,53,0
1675,985,456,723,56,0
1676,986,436,724,53,0
1677,966,436,279,118,1
1678,979,458,723,223,0
1679,987,450,723,115,0
1680,982,435,724,138,0
1681,879,404,136,246,1
1682,850,393,728,53,0
1683,859,423,726,116,0
1684,888,433,725,53,0
1685,847,399,728,128,0
1686,854,392,728,135,0
1687,856,416,938,126,0
1688,871,402,136,118,1
1689,879,411,135,131,1
1690,864,425,726,110,0
1691,881,436,725,136,0
1692,889,429,725,158,0
1693,985,690,271,108,1
1694,989,667,272,112,1
1695,971,651,381,74,0
1696,956,674,608,115,0
1697,971,701,568,38,0
1698,984,667,272,95,1
1699,978,654,381,149,0
1700,963,651,381,113,0
1701,957,666,834,140,0
1702,984,680,271,143,1
1703,959,679,609,186,0
1704,969,699,568,185,0
1705,976,699,568,97,0
1706,867,471,170,107,1
1707,848,470,292,107,1
1708,847,490,281,107,1
1709,867,490,131,107,1
1710,851,474,292,150,1
1711,863,487,131,179,1
1712,847,490,281,107,1
1713,817,499,282,242,1
1714,797,525,295,64,1
1715,809,537,293,105,1
1716,829,530,129,118,1
1717,846,509,130,119,1
1718,814,508,283,209,1
1719,812,533,293,161,1
1720,803,531,293,189,1
1721,836,512,130,114,1
1722,823,500,282,113,1
1723,832,491,282,117,1
1724,845,504,130,128,1
1725,801,401,167,742,1
1726,740,353,291,98,1
1727,747,419,288,499,1
1728,766,466,749,38,0
1729,780,472,748,64,0
1730,792,500,747,71,0
1731,827,489,282,363,1
1732,751,356,164,192,1
1733,791,397,166,309,1
1734,794,400,166,118,1
1735,744,383,290,157,1
1736,762,367,165,193,1
1737,772,378,165,145,1
1738,784,390,166,195,1
1739,746,391,289,136,1
1740,750,409,289,120,1
1741,751,417,289,144,1
1742,755,434,288,61,1
1743,753,425,288,182,1
1744,760,455,287,143,1
1745,786,476,748,179,0
1746,789,482,748,189,0
1747,794,500,747,216,0
1748,747,395,289,133,1
1749,748,401,289,144,1
1750,757,441,288,293,1
1751,758,446,287,160,1
1752,765,464,749,28,0
1753,782,470,748,74,0
1754,797,404,166,194,1
1755,801,409,167,182,1
1756,806,413,167,186,1
1757,810,417,167,177,1
1758,813,421,167,126,1
1759,816,424,167,152,1
1760,820,428,168,176,1
1761,823,432,168,163,1
1762,813,497,283,178,1
1763,819,490,282,194,1
1764,825,485,282,190,1
1765,829,482,282,204,1
1766,832,478,282,172,1
1767,836,475,292,207,1
1768,829,437,168,169,1
1769,836,444,169,191,1
1770,841,470,292,145,1
1771,848,464,292,161,1
1772,771,459,749,163,0
1773,776,459,748,112,0
1774,779,464,748,152,0
1775,780,467,748,84,0
1776,862,345,731,113,0
1777,853,297,979,176,0
1778,815,276,960,56,0
1779,814,295,745,60,0
1780,814,315,744,58,0
1781,823,344,138,246,1
1782,813,319,744,153,0
1783,821,311,744,160,0
1784,865,339,731,224,0
1785,862,309,980,209,0
1786,856,303,979,201,0
1787,828,343,138,223,1
1788,856,348,730,215,0
1789,847,356,730,179,0
1790,819,297,745,123,0
1791,812,281,960,128,0
1792,821,274,960,114,0
1793,836,281,963,126,0
1794,824,302,745,27,0
1795,826,304,744,206,0
1796,843,289,979,135,0
1797,850,296,979,148,0
1798,869,316,980,143,0
1799,874,331,731,121,0
1800,820,335,139,120,1
1801,824,338,139,111,1
1802,849,432,727,53,0
1803,850,413,938,56,0
1804,830,412,729,53,0
1805,829,431,168,118,1
1806,829,416,729,120,0
1807,836,409,729,117,0
1808,852,426,727,120,0
1809,845,433,727,119,0
1810,814,315,744,53,0
1811,814,295,745,56,0
1812,795,295,746,53,0
1813,794,314,140,118,1
1814,797,295,746,215,0
1815,817,309,744,132,0
1816,809,316,744,129,0
1817,797,525,295,43,1
1818,788,517,284,50,1
1819,787,526,294,64,1
1820,791,522,284,2,1
1821,792,500,747,69,0
1822,776,490,750,51,0
1823,771,507,285,104,1
1824,788,517,284,76,1
1825,778,492,750,200,0
1826,792,506,747,162,0
1827,776,490,750,51,0
1828,780,472,748,55,0
1829,766,466,749,35,0
1830,761,485,286,111,1
1831,768,467,749,154,0
1832,776,487,750,187,0
1833,780,159,299,122,1
1834,785,139,548,44,0
1835,766,138,828,73,0
1836,760,158,752,52,0
1837,785,143,548,109,0
1838,774,136,828,120,0
1839,761,144,828,145,0
1840,765,160,752,122,0
1841,799,159,549,53,0
1842,819,160,550,56,0
1843,819,141,551,53,0
1844,800,140,300,118,1
1845,813,163,550,216,0
1846,815,139,551,126,0
1847,821,155,550,133,0
1848,206,700,312,154,1
1849,202,687,775,36,0
1850,180,691,776,59,0
1851,166,705,777,56,0
1852,183,718,754,70,0
1853,184,693,776,133,0
1854,171,693,776,142,0
1855,175,716,754,176,0
1856,200,703,312,131,1
1857,190,716,754,162,0
1858,230,687,774,1254,0
1859,539,336,349,56,0
1860,552,322,784,56,0
1861,539,309,780,56,0
1862,525,322,348,56,0
1863,544,311,780,123,0
1864,544,334,349,144,0
1865,533,311,780,127,0
1866,533,334,349,139,0
1867,552,309,780,116,0
1868,566,336,350,56,0
1869,580,322,787,60,0
1870,594,309,788,60,0
1871,608,295,789,56,0
1872,580,281,354,116,0
1873,572,334,350,154,0
1874,561,334,350,161,0
1875,578,314,787,125,0
1876,555,314,784,148,0
1877,599,283,355,149,0
1878,599,306,788,136,0
1879,587,306,788,138,0
1880,587,283,355,138,0
1881,580,306,787,147,0
1882,575,283,354,155,0
1883,555,302,781,167,0
1884,562,283,354,184,0
1885,525,268,786,56,0
1886,539,281,353,56,0
1887,552,268,782,56,0
1888,539,254,785,56,0
1889,545,279,353,129,0
1890,533,279,353,140,0
1891,545,256,785,130,0
1892,533,256,785,134,0
1893,566,281,354,56,0
1894,580,268,471,56,0
1895,566,254,783,56,0
1896,552,268,782,56,0
1897,572,256,783,131,0
1898,572,279,354,131,0
1899,561,256,783,127,0
1900,561,279,354,144,0
1901,839,642,791,56,0
1902,841,623,676,56,0
1903,822,621,372,56,0
1904,820,640,371,56,0
1905,828,619,372,148,0
1906,842,637,791,128,0
1907,819,626,372,119,0
1908,833,644,791,137,0
1909,373,227,562,56,0
1910,359,240,563,56,0
1911,373,254,793,56,0
1912,387,240,561,56,0
1913,367,252,793,119,0
1914,367,229,562,136,0
1915,378,252,793,148,0
1916,378,229,562,130,0
1917,373,172,385,56,0
1918,387,158,386,56,0
1919,373,145,799,56,0
1920,359,158,419,56,0
1921,379,147,799,147,0
1922,379,170,385,126,0
1923,367,147,799,129,0
1924,367,170,385,131,0
1925,359,131,420,176,0
1926,345,90,393,56,0
1927,331,131,802,176,0
1928,345,172,418,56,0
1929,334,123,802,209,0
1930,357,123,420,221,0
1931,334,142,802,225,0
1932,357,142,420,205,0
1933,352,170,418,195,0
1934,334,109,803,125,0
1935,340,92,393,144,0
1936,351,92,393,115,0
1937,357,108,392,124,0
1938,340,170,418,116,0
1939,334,156,795,122,0
1940,843,604,675,56,0
1941,845,585,674,56,0
1942,826,583,374,56,0
1943,824,602,373,56,0
1944,832,580,374,131,0
1945,847,598,675,124,0
1946,823,588,374,127,0
1947,838,606,675,151,0
1948,345,254,794,56,0
1949,331,268,446,56,0
1950,345,281,558,56,0
1951,359,268,564,56,0
1952,340,279,558,158,0
1953,340,256,794,129,0
1954,352,279,558,128,0
1955,352,256,794,117,0
1956,359,268,564,56,0
1957,373,281,559,56,0
1958,387,268,560,56,0
1959,373,254,793,56,0
1960,379,279,559,125,0
1961,367,279,559,131,0
1962,378,256,793,151,0
1963,367,256,793,126,0
1964,401,172,365,56,0
1965,414,158,805,56,0
1966,401,145,800,56,0
1967,387,158,386,56,0
1968,406,147,800,128,0
1969,406,170,365,139,0
1970,395,147,800,134,0
1971,395,170,365,132,0
1972,857,701,415,116,0
1973,880,721,502,56,0
1974,882,691,678,116,0
1975,859,671,377,56,0
1976,885,717,502,154,0
1977,874,721,502,170,0
1978,882,696,679,152,0
1979,861,705,424,142,0
1980,878,685,678,133,0
1981,856,694,416,119,0
1982,866,670,377,142,0
1983,855,675,377,155,0
1984,331,254,445,116,0
1985,318,227,444,56,0
1986,304,254,407,116,0
1987,318,281,557,56,0
1988,312,229,444,176,0
1989,324,229,444,158,0
1990,306,249,408,139,0
1991,329,249,445,156,0
1992,306,262,407,146,0
1993,329,262,446,127,0
1994,311,279,557,121,0
1995,323,279,557,144,0
1996,401,145,800,56,0
1997,414,131,801,56,0
1998,401,117,390,56,0
1999,387,131,387,56,0
2000,406,119,390,128,0
2001,406,142,800,140,0
2002,395,119,390,140,0
2003,395,142,800,125,0
2004,387,131,387,56,0
2005,373,117,391,56,0
2006,359,131,420,56,0
2007,373,145,799,56,0
2008,367,119,391,140,0
2009,379,119,391,130,0
2010,367,142,799,129,0
2011,379,142,799,133,0
2012,331,131,802,56,0
2013,318,117,818,56,0
2014,304,131,797,56,0
2015,318,145,796,56,0
2016,311,119,818,130,0
2017,323,119,818,151,0
2018,312,142,796,124,0
2019,323,142,796,128,0
2020,810,724,804,56,0
2021,794,714,413,56,0
2022,783,730,412,56,0
2023,800,740,421,56,0
2024,793,739,421,112,0
2025,788,717,413,131,0
2026,800,715,413,146,0
2027,804,737,421,143,0
2028,290,227,443,56,0
2029,276,240,806,56,0
2030,290,254,807,56,0
2031,304,240,408,56,0
2032,285,252,807,148,0
2033,285,229,443,130,0
2034,296,252,807,130,0
2035,296,229,443,125,0
2036,845,585,674,56,0
2037,865,587,808,56,0
2038,867,567,822,56,0
2039,847,565,673,56,0
2040,868,581,808,125,0
2041,859,588,808,152,0
2042,853,564,673,136,0
2043,844,571,673,120,0
2044,318,281,557,56,0
2045,304,295,406,56,0
2046,318,309,401,56,0
2047,331,295,447,56,0
2048,312,306,401,139,0
2049,312,283,557,126,0
2050,323,306,401,139,0
2051,323,283,557,129,0
2052,331,295,447,56,0
2053,345,309,400,56,0
2054,359,295,565,56,0
2055,345,281,558,56,0
2056,351,306,400,144,0
2057,339,306,400,119,0
2058,351,283,558,149,0
2059,339,283,558,122,0
2060,373,281,559,56,0
2061,359,295,565,56,0
2062,373,309,399,56,0
2063,387,295,398,56,0
2064,367,306,399,126,0
2065,367,283,559,129,0
2066,378,306,399,143,0
2067,378,283,559,136,0
2068,877,678,678,56,0
2069,895,686,819,56,0
2070,903,668,571,56,0
2071,885,660,378,56,0
2072,899,682,819,152,0
2073,891,660,378,132,0
2074,889,686,819,124,0
2075,880,665,378,124,0
2076,304,268,407,56,0
2077,276,254,806,116,0
2078,249,268,821,56,0
2079,276,281,555,116,0
2080,257,279,555,136,0
2081,257,256,820,152,0
2082,269,279,555,148,0
2083,269,256,820,130,0
2084,282,279,556,146,0
2085,282,256,807,132,0
2086,295,256,807,152,0
2087,295,279,556,172,0
2088,290,281,556,56,0
2089,276,295,607,56,0
2090,290,309,402,56,0
2091,304,295,406,56,0
2092,284,306,402,121,0
2093,284,283,556,143,0
2094,296,306,402,127,0
2095,296,283,556,142,0
2096,318,117,818,56,0
2097,331,104,803,56,0
2098,318,90,394,56,0
2099,304,104,798,56,0
2100,323,92,394,160,0
2101,323,115,818,133,0
2102,311,92,394,112,0
2103,311,115,818,128,0
2104,886,569,809,56,0
2105,888,550,671,56,0
2106,869,548,672,56,0
2107,867,567,822,56,0
2108,875,546,672,129,0
2109,889,564,809,144,0
2110,866,553,672,142,0
2111,880,571,809,119,0
2112,304,322,405,56,0
2113,318,336,449,56,0
2114,331,322,448,56,0
2115,318,309,401,56,0
2116,323,334,449,139,0
2117,312,334,449,134,0
2118,324,311,401,125,0
2119,312,311,401,135,0
2120,290,309,402,56,0
2121,276,322,403,56,0
2122,290,336,404,56,0
2123,304,322,405,56,0
2124,285,334,404,146,0
2125,285,311,402,145,0
2126,296,334,404,125,0
2127,296,311,402,117,0
2128,345,309,400,56,0
2129,331,322,448,56,0
2130,345,336,825,56,0
2131,359,322,566,56,0
2132,340,334,825,139,0
2133,340,311,400,128,0
2134,351,334,825,124,0
2135,351,311,400,141,0
2136,304,350,450,56,0
2137,318,363,454,56,0
2138,331,350,826,56,0
2139,318,336,449,56,0
2140,323,361,454,146,0
2141,312,361,454,132,0
2142,324,338,449,121,0
2143,312,338,449,134,0
2144,290,336,404,60,0
2145,276,322,403,60,0
2146,262,309,606,56,0
2147,249,322,858,60,0
2148,235,336,857,60,0
2149,221,350,849,56,0
2150,235,363,464,60,0
2151,249,377,465,60,0
2152,262,391,466,56,0
2153,276,377,456,60,0
2154,290,363,455,60,0
2155,304,350,450,56,0
2156,294,361,455,164,0
2157,294,338,404,174,0
2158,256,311,606,166,0
2159,268,311,606,179,0
2160,231,361,464,170,0
2161,231,338,857,167,0
2162,268,388,466,181,0
2163,256,388,466,166,0
2164,251,368,465,128,0
2165,251,332,858,152,0
2166,281,361,455,113,0
2167,281,338,404,165,0
2168,244,361,464,125,0
2169,251,362,464,150,0
2170,241,338,857,78,0
2171,274,367,456,131,0
2172,275,361,455,124,0
2173,274,329,403,67,0
2174,274,335,403,219,0
2175,246,338,857,50,0
2176,249,338,857,201,0
2177,290,363,455,56,0
2178,276,391,457,116,0
2179,290,418,839,56,0
2180,304,391,324,116,0
2181,296,416,839,123,0
2182,284,416,839,132,0
2183,302,399,324,153,0
2184,278,399,457,127,0
2185,302,387,451,147,0
2186,278,387,456,138,0
2187,284,365,455,166,0
2188,296,365,455,182,0
2189,331,350,826,56,0
2190,345,363,453,56,0
2191,359,350,567,56,0
2192,345,336,825,56,0
2193,351,361,453,130,0
2194,339,361,453,120,0
2195,351,338,825,154,0
2196,339,338,825,129,0
2197,249,131,827,56,0
2198,235,117,815,56,0
2199,221,131,433,56,0
2200,235,145,438,56,0
2201,229,119,815,139,0
2202,241,119,815,141,0
2203,229,142,438,130,0
2204,241,142,438,123,0
2205,262,391,466,56,0
2206,249,404,832,56,0
2207,262,418,840,56,0
2208,276,404,457,56,0
2209,257,416,840,122,0
2210,257,393,466,147,0
2211,268,416,840,137,0
2212,268,393,466,126,0
2213,207,117,814,56,0
2214,193,131,425,56,0
2215,207,145,437,56,0
2216,221,131,433,56,0
2217,201,142,437,117,0
2218,201,119,814,140,0
2219,213,142,437,128,0
2220,213,119,814,147,0
2221,221,104,432,56,0
2222,207,90,431,56,0
2223,193,104,426,56,0
2224,207,117,814,56,0
2225,202,92,431,129,0
2226,213,92,431,119,0
2227,202,115,814,152,0
2228,213,115,814,133,0
2229,249,377,465,56,0
2230,235,363,464,56,0
2231,221,377,463,56,0
2232,235,391,831,56,0
2233,229,365,464,132,0
2234,241,365,464,131,0
2235,229,388,831,135,0
2236,241,388,831,135,0
2237,235,391,831,56,0
2238,221,404,462,56,0
2239,235,418,841,56,0
2240,249,404,832,56,0
2241,229,416,841,147,0
2242,229,393,831,134,0
2243,241,416,841,119,0
2244,241,393,831,133,0
2245,193,104,426,56,0
2246,180,90,427,56,0
2247,166,104,853,56,0
2248,180,117,813,56,0
2249,174,92,427,124,0
2250,185,92,427,131,0
2251,173,115,813,127,0
2252,185,115,813,151,0
2253,166,117,812,116,0
2254,138,131,708,56,0
2255,152,145,507,60,0
2256,166,158,506,60,0
2257,180,172,854,56,0
2258,193,145,425,116,0
2259,147,142,507,139,0
2260,147,119,812,158,0
2261,159,142,507,128,0
2262,159,119,812,123,0
2263,186,170,854,132,0
2264,174,170,854,161,0
2265,168,152,506,128,0
2266,191,152,436,113,0
2267,168,145,506,182,0
2268,191,140,425,179,0
2269,170,119,813,166,0
2270,184,119,813,191,0
2271,207,145,437,56,0
2272,193,158,436,56,0
2273,207,172,435,56,0
2274,221,158,434,56,0
2275,202,170,435,127,0
2276,202,147,437,146,0
2277,213,170,435,136,0
2278,213,147,437,123,0
2279,918,829,638,56,0
2280,900,822,576,56,0
2281,893,841,575,56,0
2282,912,847,627,56,0
2283,896,827,576,137,0
2284,907,822,576,117,0
2285,906,847,627,151,0
2286,916,843,627,127,0
2287,912,847,627,56,0
2288,905,865,626,56,0
2289,923,872,655,56,0
2290,930,854,637,56,0
2291,917,873,855,123,0
2292,907,852,627,122,0
2293,927,868,655,141,0
2294,917,847,627,147,0
2295,235,418,841,56,0
2296,221,432,461,56,0
2297,235,445,460,56,0
2298,249,432,833,56,0
2299,228,443,460,112,0
2300,228,420,841,129,0
2301,240,443,460,159,0
2302,240,420,841,132,0
2303,249,432,833,56,0
2304,262,445,459,56,0
2305,276,432,458,56,0
2306,262,418,840,56,0
2307,269,443,459,114,0
2308,257,443,459,127,0
2309,269,420,840,137,0
2310,257,420,840,155,0
2311,193,76,430,56,0
2312,180,63,429,56,0
2313,166,76,428,56,0
2314,180,90,427,56,0
2315,174,65,429,150,0
2316,186,65,429,134,0
2317,174,88,427,133,0
2318,186,88,427,116,0
2319,55,240,663,56,0
2320,69,254,667,56,0
2321,83,240,648,56,0
2322,69,227,647,56,0
2323,75,252,667,144,0
2324,63,252,667,135,0
2325,75,229,647,127,0
2326,63,229,647,126,0
2327,41,172,659,176,0
2328,83,145,642,116,0
2329,41,117,919,176,0
2330,0,145,685,116,0
2331,47,119,919,221,0
2332,56,119,711,190,0
2333,72,170,644,216,0
2334,11,119,920,206,0
2335,66,119,711,128,0
2336,76,119,711,115,0
2337,81,134,642,121,0
2338,81,140,642,116,0
2339,81,146,643,119,0
2340,81,153,643,132,0
2341,61,170,644,138,0
2342,56,170,644,128,0
2343,51,170,659,148,0
2344,45,170,659,138,0
2345,2,141,685,113,0
2346,2,134,685,136,0
2347,24,119,920,158,0
2348,30,119,919,139,0
2349,35,119,919,116,0
2350,40,119,919,133,0
2351,40,170,659,120,0
2352,36,170,659,117,0
2353,30,170,659,154,0
2354,25,170,856,128,0
2355,2,147,686,114,0
2356,2,153,686,125,0
2357,17,170,856,150,0
2358,7,170,856,127,0
2359,221,377,463,176,0
2360,207,336,850,56,0
2361,193,363,602,121,0
2362,180,391,600,60,0
2363,166,404,884,56,0
2364,193,418,842,116,0
2365,202,338,850,225,0
2366,213,338,850,202,0
2367,196,367,601,220,0
2368,219,362,849,124,0
2369,219,372,463,125,0
2370,174,416,873,155,0
2371,174,393,600,141,0
2372,188,393,600,160,0
2373,188,416,873,151,0
2374,196,385,601,202,0
2375,219,382,463,126,0
2376,219,391,462,124,0
2377,197,416,842,117,0
2378,204,416,842,131,0
2379,219,401,462,127,0
2380,213,416,842,108,0
2381,207,418,842,56,0
2382,193,432,843,60,0
2383,180,445,844,60,0
2384,166,459,845,56,0
2385,180,473,528,60,0
2386,193,500,526,121,0
2387,207,527,940,56,0
2388,221,514,941,58,0
2389,221,500,941,0,0
2390,221,514,941,63,0
2391,207,527,940,60,0
2392,193,541,954,56,0
2393,221,555,974,116,0
2394,249,541,334,60,0
2395,262,527,333,60,0
2396,276,514,332,60,0
2397,290,500,331,60,0
2398,304,486,330,56,0
2399,290,473,321,60,0
2400,276,459,320,60,0
2401,249,445,459,121,0
2402,221,432,461,60,0
2403,221,500,941,9151,0
2404,276,432,458,56,0
2405,290,445,319,56,0
2406,304,432,323,56,0
2407,290,418,839,56,0
2408,295,443,319,138,0
2409,284,443,319,119,0
2410,296,420,839,137,0
2411,284,420,839,139,0
2412,152,90,852,56,0
2413,138,104,811,56,0
2414,152,117,812,56,0
2415,166,104,853,56,0
2416,146,115,812,131,0
2417,146,92,852,112,0
2418,157,115,812,133,0
2419,157,92,852,157,0
2420,875,834,480,56,0
2421,868,852,484,56,0
2422,887,859,574,56,0
2423,893,841,575,56,0
2424,881,859,574,132,0
2425,871,838,480,148,0
2426,891,854,574,115,0
2427,882,833,480,138,0
2428,911,878,626,116,0
2429,887,859,574,56,0
2430,886,889,485,116,0
2431,910,908,624,56,0
2432,882,863,574,153,0
2433,892,858,574,171,0
2434,885,884,485,151,0
2435,906,874,626,132,0
2436,891,895,486,153,0
2437,912,885,625,145,0
2438,904,909,624,140,0
2439,914,904,624,122,0
2440,14,227,689,56,0
2441,0,240,859,56,0
2442,14,254,864,56,0
2443,28,240,690,56,0
2444,8,252,864,135,0
2445,8,229,689,118,0
2446,19,252,864,135,0
2447,19,229,689,144,0
2448,83,240,648,56,0
2449,97,254,649,56,0
2450,110,240,582,56,0
2451,97,227,632,56,0
2452,102,252,649,150,0
2453,91,252,649,136,0
2454,103,229,632,121,0
2455,91,229,632,125,0
2456,276,459,320,56,0
2457,290,473,321,56,0
2458,304,459,322,56,0
2459,290,445,319,56,0
2460,296,470,321,137,0
2461,285,470,321,154,0
2462,295,447,319,132,0
2463,284,447,319,111,0
2464,69,254,667,56,0
2465,55,268,664,56,0
2466,69,281,665,56,0
2467,83,268,666,56,0
2468,63,279,665,131,0
2469,63,256,667,130,0
2470,75,279,665,135,0
2471,75,256,667,136,0
2472,83,281,665,116,0
2473,97,309,904,56,0
2474,110,281,583,116,0
2475,97,254,649,56,0
2476,102,306,904,160,0
2477,91,306,904,151,0
2478,108,287,877,127,0
2479,85,287,890,135,0
2480,108,275,583,130,0
2481,85,275,666,158,0
2482,102,256,649,156,0
2483,91,256,649,150,0
2484,97,145,861,56,0
2485,110,131,865,56,0
2486,97,117,710,56,0
2487,83,131,642,56,0
2488,102,119,710,149,0
2489,102,142,861,144,0
2490,90,119,710,127,0
2491,90,142,861,113,0
2492,304,459,322,56,0
2493,318,473,329,56,0
2494,331,459,328,56,0
2495,318,445,318,56,0
2496,324,470,329,120,0
2497,312,470,329,136,0
2498,323,447,318,149,0
2499,311,447,318,128,0
2500,318,445,318,56,0
2501,331,432,327,56,0
2502,318,418,838,56,0
2503,304,432,323,56,0
2504,324,420,838,129,0
2505,324,443,318,123,0
2506,312,420,838,154,0
2507,312,443,318,126,0
2508,124,117,709,56,0
2509,110,145,861,116,0
2510,124,172,863,56,0
2511,138,145,507,116,0
2512,130,170,863,135,0
2513,119,170,863,144,0
2514,136,152,508,138,0
2515,113,152,862,122,0
2516,136,140,708,154,0
2517,113,140,865,171,0
2518,119,119,709,152,0
2519,130,119,709,152,0
2520,138,104,811,56,0
2521,110,90,851,116,0
2522,83,104,641,56,0
2523,110,117,709,116,0
2524,91,115,710,150,0
2525,91,92,714,138,0
2526,104,115,710,154,0
2527,104,92,714,131,0
2528,117,115,709,150,0
2529,117,92,851,174,0
2530,130,92,851,126,0
2531,130,115,709,144,0
2532,868,852,484,56,0
2533,850,845,479,56,0
2534,843,863,572,56,0
2535,861,870,573,56,0
2536,845,850,479,129,0
2537,856,845,479,156,0
2538,855,871,573,115,0
2539,865,866,573,133,0
2540,861,870,573,56,0
2541,855,888,700,56,0
2542,873,895,874,56,0
2543,880,877,485,56,0
2544,867,895,874,134,0
2545,858,874,573,158,0
2546,878,890,874,121,0
2547,868,869,573,120,0
2548,891,902,486,56,0
2549,873,895,874,56,0
2550,866,913,701,56,0
2551,885,920,623,56,0
2552,869,899,874,129,0
2553,879,895,874,134,0
2554,878,920,623,124,0
2555,888,916,623,146,0
2556,885,920,623,56,0
2557,878,938,702,56,0
2558,896,945,703,56,0
2559,903,926,487,56,0
2560,900,940,703,151,0
2561,889,945,703,126,0
2562,880,924,623,126,0
2563,891,919,623,130,0
2564,0,268,860,56,0
2565,14,281,695,56,0
2566,28,268,691,56,0
2567,14,254,864,56,0
2568,20,256,864,122,0
2569,20,279,695,119,0
2570,9,279,695,140,0
2571,9,256,864,152,0
2572,180,363,866,56,0
2573,166,377,885,56,0
2574,180,391,600,56,0
2575,193,377,601,56,0
2576,173,388,600,131,0
2577,173,365,866,110,0
2578,185,388,600,135,0
2579,185,365,866,156,0
2580,318,418,838,56,0
2581,331,404,326,56,0
2582,318,391,325,56,0
2583,304,404,324,56,0
2584,324,393,325,114,0
2585,324,416,838,136,0
2586,312,393,325,129,0
2587,312,416,838,154,0
2588,138,76,810,56,0
2589,124,63,716,56,0
2590,110,76,715,56,0
2591,124,90,851,56,0
2592,118,65,716,129,0
2593,130,65,716,135,0
2594,119,88,851,138,0
2595,130,88,851,130,0
2596,110,295,877,56,0
2597,124,309,878,56,0
2598,138,295,513,56,0
2599,124,281,584,56,0
2600,131,306,878,123,0
2601,119,306,878,149,0
2602,130,283,584,124,0
2603,119,283,584,137,0
2604,166,350,886,56,0
2605,152,336,894,56,0
2606,138,350,515,56,0
2607,152,363,867,56,0
2608,147,338,894,146,0
2609,158,338,894,125,0
2610,146,361,867,125,0
2611,157,361,867,137,0
2612,152,363,867,56,0
2613,138,377,516,56,0
2614,152,391,599,56,0
2615,166,377,885,56,0
2616,147,388,599,139,0
2617,147,365,867,146,0
2618,158,388,599,113,0
2619,158,365,867,135,0
2620,345,473,888,56,0
2621,359,459,915,56,0
2622,345,445,317,56,0
2623,331,459,328,56,0
2624,351,447,317,146,0
2625,351,470,888,147,0
2626,339,447,317,110,0
2627,339,470,888,130,0
2628,331,432,327,56,0
2629,345,445,317,56,0
2630,359,432,914,56,0
2631,345,418,837,56,0
2632,351,443,317,152,0
2633,339,443,317,139,0
2634,351,420,837,117,0
2635,340,420,837,124,0
2636,83,104,641,56,0
2637,69,90,713,56,0
2638,55,104,712,56,0
2639,69,117,711,56,0
2640,64,92,713,147,0
2641,75,92,713,126,0
2642,63,115,711,133,0
2643,75,115,711,127,0
2644,855,888,700,56,0
2645,836,881,699,56,0
2646,830,900,876,56,0
2647,848,906,875,56,0
2648,832,886,699,125,0
2649,842,881,699,130,0
2650,841,907,875,129,0
2651,852,902,875,149,0
2652,848,906,875,56,0
2653,841,924,897,56,0
2654,859,931,622,56,0
2655,866,913,701,56,0
2656,853,932,622,148,0
2657,844,911,875,122,0
2658,864,927,622,130,0
2659,854,906,875,132,0
2660,14,281,695,56,0
2661,0,295,694,56,0
2662,14,309,693,56,0
2663,28,295,692,56,0
2664,8,306,693,126,0
2665,8,283,695,127,0
2666,19,306,693,139,0
2667,19,283,695,141,0
2668,138,295,513,56,0
2669,152,309,879,56,0
2670,166,295,880,56,0
2671,152,281,585,56,0
2672,158,306,879,141,0
2673,146,306,879,137,0
2674,158,283,585,122,0
2675,146,283,585,133,0
2676,152,281,585,56,0
2677,166,268,881,56,0
2678,152,254,903,56,0
2679,138,268,512,56,0
2680,157,256,903,138,0
2681,157,279,585,154,0
2682,146,256,903,124,0
2683,146,279,585,117,0
2684,166,322,887,56,0
2685,152,309,879,56,0
2686,138,322,514,56,0
2687,152,336,894,56,0
2688,147,311,879,133,0
2689,158,311,879,114,0
2690,146,334,894,148,0
2691,158,334,894,138,0
2692,152,391,599,56,0
2693,138,404,517,56,0
2694,152,418,872,56,0
2695,166,404,884,56,0
2696,147,416,872,137,0
2697,147,393,599,151,0
2698,158,416,872,112,0
2699,158,393,599,133,0
2700,83,76,640,56,0
2701,69,63,918,56,0
2702,55,76,916,56,0
2703,69,90,713,56,0
2704,63,65,918,132,0
2705,75,65,918,145,0
2706,64,88,713,134,0
2707,75,88,713,121,0
2708,830,900,876,56,0
2709,811,893,698,56,0
2710,804,911,895,56,0
2711,823,918,896,56,0
2712,807,897,698,114,0
2713,817,893,698,130,0
2714,817,918,896,148,0
2715,827,913,896,141,0
2716,798,929,928,176,0
2717,772,971,616,116,0
2718,796,990,618,56,0
2719,802,972,619,60,0
2720,822,948,620,121,0
2721,841,924,897,56,0
2722,820,947,620,215,0
2723,810,926,928,197,0
2724,836,939,621,201,0
2725,826,919,896,208,0
2726,789,991,618,136,0
2727,800,986,618,159,0
2728,797,966,619,149,0
2729,776,976,617,130,0
2730,772,968,635,126,0
2731,770,962,635,148,0
2732,768,945,929,141,0
2733,778,941,929,139,0
2734,807,953,620,112,0
2735,798,957,620,132,0
2736,788,936,928,131,0
2737,797,932,928,112,0
2738,859,931,622,56,0
2739,853,949,898,56,0
2740,871,956,922,56,0
2741,878,938,702,56,0
2742,865,956,922,137,0
2743,876,951,922,120,0
2744,855,936,622,140,0
2745,866,931,622,136,0
2746,124,309,878,56,0
2747,110,322,905,56,0
2748,124,336,893,56,0
2749,138,322,514,56,0
2750,119,334,893,140,0
2751,119,311,878,129,0
2752,130,334,893,130,0
2753,130,311,878,133,0
2754,152,254,903,56,0
2755,166,240,882,56,0
2756,152,227,503,56,0
2757,138,240,511,56,0
2758,158,229,503,117,0
2759,158,252,903,135,0
2760,146,229,503,148,0
2761,146,252,903,132,0
2762,83,322,891,56,0
2763,97,336,892,56,0
2764,110,322,905,56,0
2765,97,309,904,56,0
2766,102,334,892,122,0
2767,91,334,892,122,0
2768,102,311,904,145,0
2769,91,311,904,144,0
2770,124,336,893,56,0
2771,110,350,906,56,0
2772,124,363,868,56,0
2773,138,350,515,56,0
2774,119,361,868,131,0
2775,119,338,893,144,0
2776,130,361,868,128,0
2777,130,338,893,130,0
2778,138,377,516,56,0
2779,124,363,868,56,0
2780,110,377,869,56,0
2781,124,391,598,56,0
2782,119,365,868,140,0
2783,130,365,868,138,0
2784,119,388,598,128,0
2785,130,388,598,127,0
2786,124,391,598,56,0
2787,110,404,870,56,0
2788,124,418,871,56,0
2789,138,404,517,56,0
2790,118,416,871,120,0
2791,118,393,598,144,0
2792,130,416,871,135,0
2793,130,393,598,134,0
2794,359,459,915,56,0
2795,373,473,889,56,0
2796,387,459,315,56,0
2797,373,445,316,56,0
2798,379,470,889,137,0
2799,367,470,889,140,0
2800,379,447,316,132,0
2801,367,447,316,124,0
2802,55,90,712,116,0
2803,41,63,917,56,0
2804,28,90,682,116,0
2805,41,117,919,56,0
2806,36,65,917,144,0
2807,47,65,917,146,0
2808,30,83,682,145,0
2809,53,83,916,137,0
2810,30,96,927,153,0
2811,53,96,712,137,0
2812,36,115,919,166,0
2813,48,115,919,139,0
2814,834,943,621,56,0
2815,828,961,902,56,0
2816,846,967,923,56,0
2817,853,949,898,56,0
2818,850,963,923,125,0
2819,840,968,923,121,0
2820,830,947,621,146,0
2821,841,942,621,140,0
2822,124,418,871,56,0
2823,110,432,925,56,0
2824,124,445,931,56,0
2825,138,432,518,56,0
2826,119,443,931,144,0
2827,119,420,871,143,0
2828,131,443,931,133,0
2829,131,420,871,113,0
2830,138,445,519,116,0
2831,152,473,529,56,0
2832,166,445,845,116,0
2833,152,418,872,56,0
2834,157,470,529,174,0
2835,146,470,529,147,0
2836,164,450,845,146,0
2837,140,450,519,157,0
2838,164,437,883,150,0
2839,140,437,518,148,0
2840,157,420,872,132,0
2841,146,420,872,114,0
2842,786,904,697,56,0
2843,779,922,933,56,0
2844,798,929,928,56,0
2845,804,911,895,56,0
2846,791,930,928,117,0
2847,781,909,697,128,0
2848,802,925,928,142,0
2849,792,904,697,146,0
2850,846,967,923,56,0
2851,839,986,901,56,0
2852,857,992,900,56,0
2853,864,974,899,56,0
2854,841,972,923,124,0
2855,851,993,900,135,0
2856,862,988,900,144,0
2857,852,967,923,129,0
2858,97,363,907,56,0
2859,83,377,934,56,0
2860,97,391,597,56,0
2861,110,377,869,56,0
2862,91,388,597,133,0
2863,91,365,907,146,0
2864,103,388,597,134,0
2865,103,365,907,119,0
2866,110,418,870,116,0
2867,83,391,596,116,0
2868,55,418,910,116,0
2869,83,445,912,116,0
2870,57,414,910,153,0
2871,57,407,910,167,0
2872,64,393,596,139,0
2873,76,393,596,132,0
2874,85,393,597,157,0
2875,92,393,597,175,0
2876,102,393,597,161,0
2877,108,411,870,153,0
2878,76,443,912,154,0
2879,64,443,912,173,0
2880,57,426,911,141,0
2881,57,420,911,146,0
2882,85,443,932,194,0
2883,92,443,932,173,0
2884,108,423,925,153,0
2885,102,443,932,184,0
2886,166,432,883,56,0
2887,180,445,844,56,0
2888,193,432,843,56,0
2889,180,418,873,56,0
2890,185,443,844,122,0
2891,174,443,844,128,0
2892,185,420,873,140,0
2893,174,420,873,143,0
2894,28,104,927,56,0
2895,14,90,683,56,0
2896,0,104,684,56,0
2897,14,117,920,56,0
2898,8,115,920,158,0
2899,8,92,683,130,0
2900,20,92,683,127,0
2901,20,115,920,118,0
2902,828,961,902,56,0
2903,809,954,620,56,0
2904,802,972,619,56,0
2905,821,979,924,56,0
2906,814,979,924,128,0
2907,805,958,620,129,0
2908,815,954,620,142,0
2909,825,975,924,134,0
2910,889,963,921,56,0
2911,908,969,492,56,0
2912,914,951,488,56,0
2913,896,945,703,56,0
2914,903,944,703,129,0
2915,912,965,492,116,0
2916,902,970,492,150,0
2917,892,949,703,137,0
2918,97,445,932,56,0
2919,83,473,913,116,0
2920,97,500,532,56,0
2921,110,473,926,116,0
2922,102,498,532,158,0
2923,91,498,532,149,0
2924,108,479,531,140,0
2925,85,479,544,128,0
2926,108,466,926,170,0
2927,85,466,913,146,0
2928,91,447,932,129,0
2929,102,447,932,146,0
2930,110,459,926,56,0
2931,124,473,530,56,0
2932,138,459,519,56,0
2933,124,445,931,56,0
2934,131,470,530,129,0
2935,119,470,530,154,0
2936,130,447,931,135,0
2937,118,447,931,114,0
2938,779,922,933,56,0
2939,761,916,696,56,0
2940,754,934,634,56,0
2941,773,941,929,56,0
2942,757,920,696,119,0
2943,767,915,696,128,0
2944,767,941,929,148,0
2945,777,936,929,139,0
2946,914,951,488,56,0
2947,933,958,493,56,0
2948,939,940,936,56,0
2949,921,933,704,56,0
2950,927,933,704,137,0
2951,937,954,493,152,0
2952,926,959,493,131,0
2953,916,938,704,113,0
2954,83,377,934,56,0
2955,69,363,908,56,0
2956,55,377,909,56,0
2957,69,391,596,56,0
2958,64,365,908,146,0
2959,75,365,908,133,0
2960,64,388,596,136,0
2961,75,388,596,118,0
2962,69,445,912,56,0
2963,55,459,591,56,0
2964,69,473,543,56,0
2965,83,459,913,56,0
2966,64,470,543,156,0
2967,64,447,912,128,0
2968,75,470,543,129,0
2969,75,447,912,121,0
2970,926,976,489,56,0
2971,944,983,935,56,0
2972,951,965,494,56,0
2973,933,958,493,56,0
2974,938,958,493,150,0
2975,948,979,935,143,0
2976,937,984,935,109,0
2977,928,963,493,131,0
2978,908,969,492,56,0
2979,901,988,491,56,0
2980,919,994,490,56,0
2981,926,976,489,56,0
2982,912,995,490,132,0
2983,903,974,492,110,0
2984,923,990,490,157,0
2985,913,969,492,135,0
2986,69,473,543,56,0
2987,55,500,589,116,0
2988,69,527,534,56,0
2989,83,500,532,116,0
2990,74,525,534,168,0
2991,63,525,534,141,0
2992,81,505,533,171,0
2993,57,505,589,162,0
2994,57,492,590,124,0
2995,63,475,543,124,0
2996,81,492,544,130,0
2997,75,475,543,148,0
2998,124,473,530,56,0
2999,110,486,531,56,0
3000,124,500,524,56,0
3001,138,486,520,56,0
3002,130,498,524,145,0
3003,118,498,524,134,0
3004,119,475,530,129,0
3005,130,475,530,126,0
3006,138,486,520,56,0
3007,152,500,525,56,0
3008,166,486,846,56,0
3009,152,473,529,56,0
3010,158,498,525,137,0
3011,146,498,525,149,0
3012,157,475,529,131,0
3013,146,475,529,116,0
3014,41,473,542,56,0
3015,28,486,541,56,0
3016,41,500,937,56,0
3017,55,486,590,56,0
3018,36,498,937,140,0
3019,36,475,542,125,0
3020,47,498,937,122,0
3021,47,475,542,146,0
3022,166,486,846,56,0
3023,180,500,526,56,0
3024,193,486,527,56,0
3025,180,473,528,56,0
3026,185,498,526,140,0
3027,173,498,526,122,0
3028,186,475,528,129,0
3029,174,475,528,143,0
3030,747,952,930,56,0
3031,741,970,615,56,0
3032,759,977,616,56,0
3033,766,959,635,56,0
3034,753,977,616,134,0
3035,744,956,930,155,0
3036,764,972,616,118,0
3037,754,951,930,126,0
3038,41,391,595,56,0
3039,28,404,594,56,0
3040,41,418,942,56,0
3041,55,404,910,56,0
3042,35,416,942,130,0
3043,35,393,595,123,0
3044,47,416,942,136,0
3045,47,393,595,144,0
3046,55,432,911,56,0
3047,41,418,942,56,0
3048,28,432,593,56,0
3049,41,445,592,56,0
3050,35,443,592,134,0
3051,35,420,942,126,0
3052,47,420,942,142,0
3053,47,443,592,131,0
3054,28,500,540,116,0
3055,0,514,539,56,0
3056,28,527,587,116,0
3057,55,514,589,56,0
3058,8,525,587,149,0
3059,8,502,540,125,0
3060,21,525,587,162,0
3061,21,502,540,134,0
3062,34,525,588,166,0
3063,34,502,937,143,0
3064,47,525,588,147,0
3065,47,502,937,141,0
3066,97,500,532,56,0
3067,83,514,533,60,0
3068,69,527,534,60,0
3069,55,541,535,60,0
3070,41,555,536,60,0
3071,28,568,968,56,0
3072,55,582,948,116,0
3073,83,568,949,60,0
3074,124,555,951,181,0
3075,166,541,956,56,0
3076,138,527,521,121,0
3077,110,514,523,60,0
3078,131,529,522,225,0
3079,147,529,848,125,0
3080,158,529,848,106,0
3081,158,552,952,141,0
3082,147,552,952,136,0
3083,136,552,951,139,0
3084,125,552,951,115,0
3085,36,580,981,156,0
3086,36,557,536,145,0
3087,48,557,536,127,0
3088,48,580,981,124,0
3089,105,502,532,179,0
3090,93,502,532,226,0
3091,85,522,533,200,0
3092,114,529,522,194,0
3093,76,580,948,211,0
3094,116,552,951,128,0
3095,106,552,950,126,0
3096,56,557,535,198,0
3097,57,548,535,154,0
3098,64,529,534,182,0
3099,58,580,948,115,0
3100,67,580,948,133,0
3101,75,529,534,100,0
3102,84,552,950,194,0
3103,94,552,950,138,0
3104,84,529,533,277,0
3105,81,529,534,45,0
3106,110,514,523,56,0
3107,124,527,522,56,0
3108,138,514,521,56,0
3109,124,500,524,56,0
3110,131,525,522,130,0
3111,119,525,522,158,0
3112,131,502,524,112,0
3113,119,502,524,132,0
3114,152,500,525,56,0
3115,138,514,521,56,0
3116,152,527,848,56,0
3117,166,514,847,56,0
3118,158,525,848,115,0
3119,146,525,848,129,0
3120,146,502,525,134,0
3121,157,502,525,154,0
3122,166,514,847,56,0
3123,180,527,955,56,0
3124,193,514,939,56,0
3125,180,500,526,56,0
3126,185,525,955,139,0
3127,174,525,955,136,0
3128,185,502,526,134,0
3129,174,502,526,124,0
3130,180,527,955,56,0
3131,166,541,956,56,0
3132,180,555,953,56,0
3133,193,541,954,56,0
3134,173,552,953,126,0
3135,173,529,955,122,0
3136,185,552,953,150,0
3137,185,529,955,135,0
3138,41,527,588,56,0
3139,28,541,969,56,0
3140,41,555,536,56,0
3141,55,541,535,56,0
3142,36,552,536,140,0
3143,36,529,588,141,0
3144,48,552,536,134,0
3145,48,529,588,118,0
3146,152,555,952,56,0
3147,138,582,970,116,0
3148,152,609,998,56,0
3149,166,582,957,116,0
3150,157,607,998,163,0
3151,146,607,998,144,0
3152,164,588,958,151,0
3153,140,588,971,126,0
3154,164,576,957,136,0
3155,140,576,970,137,0
3156,147,557,952,166,0
3157,158,557,952,144,0
3158,166,568,957,56,0
3159,193,582,1059,116,0
3160,221,568,1063,56,0
3161,193,555,953,116,0
3162,212,557,973,138,0
3163,212,580,1061,160,0
3164,200,557,973,134,0
3165,200,580,1061,121,0
3166,188,557,953,128,0
3167,188,580,1060,155,0
3168,175,580,1060,181,0
3169,175,557,953,149,0
3170,835,277,963,56,0
3171,854,277,964,56,0
3172,855,258,735,56,0
3173,835,257,961,56,0
3174,841,255,961,138,0
3175,856,272,964,149,0
3176,848,280,964,119,0
3177,832,263,961,126,0
3178,28,541,969,56,0
3179,14,527,587,56,0
3180,0,541,538,56,0
3181,14,555,537,56,0
3182,8,552,537,142,0
3183,8,529,587,123,0
3184,20,529,587,133,0
3185,20,552,537,134,0
3186,14,555,537,56,0
3187,0,568,986,56,0
3188,14,582,982,56,0
3189,28,568,968,56,0
3190,7,580,982,119,0
3191,7,557,537,124,0
3192,19,580,982,140,0
3193,19,557,537,151,0
3194,124,555,951,56,0
3195,110,568,985,56,0
3196,124,582,984,56,0
3197,138,568,970,56,0
3198,118,580,984,127,0
3199,118,557,951,125,0
3200,130,580,984,149,0
3201,130,557,951,132,0
3202,853,297,979,56,0
3203,873,297,996,56,0
3204,874,278,734,56,0
3205,854,277,964,56,0
3206,860,275,964,135,0
3207,876,291,996,115,0
3208,867,299,996,142,0
3209,852,283,964,141,0
3210,14,582,982,56,0
3211,0,596,983,56,0
3212,14,609,945,56,0
3213,28,596,967,56,0
3214,8,607,945,125,0
3215,8,584,982,131,0
3216,19,607,945,148,0
3217,19,584,982,129,0
3218,28,596,967,56,0
3219,41,609,946,56,0
3220,55,596,947,56,0
3221,41,582,981,56,0
3222,48,584,981,137,0
3223,48,607,946,114,0
3224,36,607,946,154,0
3225,36,584,981,127,0
3226,124,582,984,56,0
3227,110,596,987,56,0
3228,124,609,997,56,0
3229,138,596,971,56,0
3230,119,607,997,134,0
3231,119,584,984,149,0
3232,130,607,997,135,0
3233,130,584,984,115,0
3234,864,268,734,116,0
3235,903,269,995,116,0
3236,914,241,741,56,0
3237,894,240,740,60,0
3238,875,239,739,60,0
3239,855,239,962,56,0
3240,900,238,740,162,0
3241,916,255,994,134,0
3242,890,247,740,138,0
3243,906,263,994,148,0
3244,897,272,995,168,0
3245,888,280,995,178,0
3246,883,251,739,153,0
3247,869,270,734,193,0
3248,861,236,962,118,0
3249,877,245,739,133,0
3250,860,260,735,144,0
3251,853,244,962,133,0
3252,55,596,947,60,0
3253,41,609,946,60,0
3254,28,623,966,56,0
3255,55,637,1009,116,0
3256,83,623,989,60,0
3257,97,609,988,60,0
3258,110,582,984,116,0
3259,97,555,950,56,0
3260,83,568,949,60,0
3261,69,582,948,60,0
3262,36,634,1008,127,0
3263,36,611,946,150,0
3264,48,611,946,128,0
3265,48,634,1008,156,0
3266,91,557,950,159,0
3267,103,557,950,158,0
3268,85,576,949,124,0
3269,108,576,985,136,0
3270,102,607,988,127,0
3271,88,607,988,135,0
3272,108,590,987,194,0
3273,85,583,948,188,0
3274,78,584,948,177,0
3275,64,584,948,183,0
3276,61,634,1009,198,0
3277,74,634,1009,193,0
3278,57,605,947,221,0
3279,81,608,988,158,0
3280,81,614,989,157,0
3281,873,297,996,56,0
3282,872,317,980,56,0
3283,892,317,732,56,0
3284,892,298,733,56,0
3285,886,319,732,145,0
3286,870,303,996,133,0
3287,895,312,732,129,0
3288,879,295,996,125,0
3289,855,239,962,56,0
3290,856,219,738,56,0
3291,836,219,737,56,0
3292,836,238,736,56,0
3293,842,216,737,135,0
3294,858,233,962,121,0
3295,834,224,737,131,0
3296,850,241,962,146,0
3297,0,623,944,56,0
3298,14,637,965,56,0
3299,28,623,966,56,0
3300,14,609,945,56,0
3301,20,611,945,118,0
3302,20,634,965,137,0
3303,8,634,965,147,0
3304,8,611,945,130,0
3305,110,609,997,116,0
3306,83,650,990,176,0
3307,124,691,993,176,0
3308,166,650,768,176,0
3309,152,609,998,56,0
3310,138,623,972,58,0
3311,138,637,972,0,0
3312,138,623,972,58,0
3313,141,611,998,8,0
3314,164,652,768,204,0
3315,164,657,768,187,0
3316,164,662,768,200,0
3317,164,667,767,177,0
3318,164,674,767,188,0
3319,153,689,766,217,0
3320,139,689,766,192,0
3321,129,689,993,197,0
3322,120,689,993,168,0
3323,111,689,993,204,0
3324,100,689,992,216,0
3325,90,689,992,195,0
3326,85,666,991,219,0
3327,85,661,990,195,0
3328,85,656,990,177,0
3329,85,652,990,175,0
3330,85,624,989,158,0
3331,93,611,988,133,0
3332,107,611,988,189,0
3333,117,611,997,158,0
3334,85,631,989,154,0
3335,85,636,989,176,0
3336,85,641,990,208,0
3337,85,647,990,193,0
3338,147,611,998,198,0
3339,158,611,998,191,0
3340,164,634,959,225,0
3341,129,611,997,197,0
3342,164,641,768,123,0
3343,164,647,768,120,0
3344,136,628,972,80,0
3345,140,628,972,4,0
3346,138,637,972,300,0
3347,136,632,972,51,0
3348,28,650,1007,56,0
3349,41,664,1011,56,0
3350,55,650,1010,56,0
3351,41,637,1008,56,0
3352,47,639,1008,138,0
3353,47,662,1011,150,0
3354,35,662,1011,133,0
3355,35,639,1008,111,0
3356,69,637,1009,56,0
3357,55,650,1010,56,0
3358,69,664,1012,56,0
3359,83,650,990,56,0
3360,63,662,1012,128,0
3361,63,639,1009,113,0
3362,74,662,1012,145,0
3363,74,639,1009,147,0
3364,55,678,1013,56,0
3365,69,691,1015,56,0
3366,83,678,991,56,0
3367,69,664,1012,56,0
3368,74,689,1015,155,0
3369,63,689,1015,136,0
3370,75,666,1012,109,0
3371,64,666,1012,133,0
3372,41,664,1011,56,0
3373,28,678,1006,56,0
3374,41,691,1014,56,0
3375,55,678,1013,56,0
3376,36,689,1014,140,0
3377,36,666,1011,125,0
3378,47,689,1014,125,0
3379,47,666,1011,143,0
3380,69,691,1015,176,0
3381,28,705,1005,56,0
3382,69,719,1017,176,0
3383,110,705,1016,56,0
3384,40,716,1018,215,0
3385,59,716,1017,211,0
3386,59,693,1015,184,0
3387,78,693,1015,222,0
3388,35,693,1014,133,0
3389,45,693,1014,118,0
3390,82,716,1017,132,0
3391,72,716,1017,114,0
3392,103,716,757,123,0
3393,93,716,757,114,0
3394,93,693,992,119,0
3395,103,693,992,116,0
3396,110,705,1016,56,0
3397,124,719,756,56,0
3398,138,705,765,56,0
3399,124,691,993,56,0
3400,130,716,756,128,0
3401,118,716,756,124,0
3402,130,693,993,138,0
3403,119,693,993,143,0
3404,69,719,1017,56,0
3405,55,732,1027,56,0
3406,69,746,759,56,0
3407,83,732,758,56,0
3408,63,744,759,126,0
3409,63,721,1017,131,0
3410,75,744,759,137,0
3411,75,721,1017,138,0
3412,138,732,764,56,0
3413,152,746,1019,56,0
3414,166,732,778,56,0
3415,152,719,755,56,0
3416,158,744,1019,134,0
3417,146,744,1019,135,0
3418,157,721,755,140,0
3419,146,721,755,124,0
3420,152,719,755,56,0
3421,166,705,777,56,0
3422,152,691,766,56,0
3423,138,705,765,56,0
3424,158,693,766,138,0
3425,158,716,755,133,0
3426,146,693,766,125,0
3427,146,716,755,137,0
3428,55,732,1027,56,0
3429,41,719,1018,56,0
3430,28,732,1004,56,0
3431,41,746,760,56,0
3432,36,744,760,125,0
3433,36,721,1018,139,0
3434,47,721,1018,140,0
3435,47,744,760,130,0
3436,180,691,776,56,0
3437,193,678,1002,56,0
3438,180,664,1029,56,0
3439,166,678,767,56,0
3440,185,666,1029,137,0
3441,185,689,776,141,0
3442,174,666,1029,118,0
3443,174,689,776,138,0
3444,41,773,1025,56,0
3445,28,787,1024,56,0
3446,41,801,1023,56,0
3447,55,787,1028,56,0
3448,36,798,1023,161,0
3449,36,775,1025,132,0
3450,48,798,1023,129,0
3451,48,775,1025,112,0
3452,180,664,1029,56,0
3453,193,650,1001,56,0
3454,180,637,769,56,0
3455,166,650,768,56,0
3456,186,639,769,130,0
3457,186,662,1029,111,0
3458,174,639,769,138,0
3459,174,662,1029,155,0
3460,207,664,1030,56,0
3461,221,650,1043,56,0
3462,207,637,770,56,0
3463,193,650,1001,56,0
3464,213,639,770,127,0
3465,213,662,1030,134,0
3466,201,639,770,141,0
3467,201,662,1030,131,0
3468,221,637,771,116,0
3469,249,623,337,56,0
3470,221,609,1057,116,0
3471,193,623,1000,56,0
3472,230,611,1057,140,0
3473,241,611,1057,116,0
3474,241,634,771,132,0
3475,229,634,771,142,0
3476,216,611,1058,158,0
3477,216,634,770,158,0
3478,203,611,1058,159,0
3479,203,634,770,162,0
3480,193,623,1000,56,0
3481,180,609,999,56,0
3482,166,623,959,56,0
3483,180,637,769,56,0
3484,173,611,999,117,0
3485,185,611,999,136,0
3486,174,634,769,137,0
3487,185,634,769,143,0
3488,221,650,1043,56,0
3489,235,664,1031,56,0
3490,249,650,772,56,0
3491,235,637,771,56,0
3492,241,662,1031,121,0
3493,229,662,1031,122,0
3494,240,639,771,158,0
3495,228,639,771,131,0
3496,180,609,999,56,0
3497,193,596,1059,56,0
3498,180,582,1060,56,0
3499,166,596,958,56,0
3500,186,584,1060,112,0
3501,186,607,999,130,0
3502,174,584,1060,159,0
3503,174,607,999,133,0
3504,262,664,1032,56,0
3505,276,650,339,56,0
3506,262,637,338,56,0
3507,249,650,772,56,0
3508,268,639,338,116,0
3509,268,662,1032,142,0
3510,257,639,338,125,0
3511,257,662,1032,150,0
3512,207,609,1058,56,0
3513,221,596,1064,56,0
3514,207,582,1061,56,0
3515,193,596,1059,56,0
3516,213,584,1061,136,0
3517,213,607,1058,117,0
3518,202,584,1061,152,0
3519,202,607,1058,128,0
3520,262,637,338,60,0
3521,276,650,339,60,0
3522,290,664,1033,56,0
3523,304,637,1034,116,0
3524,276,609,1055,116,0
3525,249,623,337,56,0
3526,296,662,1033,171,0
3527,284,662,1033,151,0
3528,278,641,339,142,0
3529,302,641,1034,163,0
3530,302,629,1035,141,0
3531,295,611,1055,152,0
3532,277,634,338,158,0
3533,282,611,1055,179,0
3534,269,611,1056,129,0
3535,269,634,338,117,0
3536,257,611,1056,142,0
3537,257,634,338,156,0
3538,235,582,1062,56,0
3539,249,568,335,56,0
3540,235,555,974,56,0
3541,221,568,1063,56,0
3542,241,557,974,118,0
3543,241,580,1062,138,0
3544,229,557,974,149,0
3545,229,580,1062,127,0
3546,221,596,1064,56,0
3547,235,609,1057,56,0
3548,249,596,336,56,0
3549,235,582,1062,56,0
3550,240,607,1057,145,0
3551,228,607,1057,120,0
3552,241,584,1062,128,0
3553,229,584,1062,140,0
3554,276,678,340,56,0
3555,290,691,1073,56,0
3556,304,678,1065,56,0
3557,290,664,1033,56,0
3558,296,689,1073,147,0
3559,284,689,1073,139,0
3560,296,666,1033,117,0
3561,285,666,1033,130,0
3562,249,582,335,116,0
3563,262,609,1056,56,0
3564,276,582,1041,116,0
3565,262,555,975,56,0
3566,268,607,1056,145,0
3567,257,607,1056,153,0
3568,274,589,1087,134,0
3569,251,589,336,126,0
3570,274,577,1041,125,0
3571,251,577,335,151,0
3572,268,557,975,179,0
3573,256,557,975,155,0
3574,304,664,1065,116,0
3575,318,691,1072,56,0
3576,331,678,1078,60,0
3577,345,664,1079,60,0
3578,359,650,1080,56,0
3579,331,637,1074,116,0
3580,324,689,1072,154,0
3581,312,689,1072,157,0
3582,329,670,1078,151,0
3583,306,670,1065,134,0
3584,352,639,1082,114,0
3585,352,662,1079,132,0
3586,340,662,1079,158,0
3587,340,639,1082,130,0
3588,331,662,1078,174,0
3589,326,639,1074,170,0
3590,306,658,1034,148,0
3591,313,639,1074,179,0
3592,262,555,975,56,0
3593,276,541,976,56,0
3594,262,527,333,56,0
3595,249,541,334,56,0
3596,268,529,333,146,0
3597,268,552,975,136,0
3598,256,529,333,122,0
3599,256,552,975,129,0
3600,304,705,1066,56,0
3601,318,719,1067,56,0
3602,331,705,1071,56,0
3603,318,691,1072,56,0
3604,323,716,1067,142,0
3605,312,716,1067,125,0
3606,324,693,1072,124,0
3607,312,693,1072,142,0
3608,318,637,1074,56,0
3609,331,623,1075,56,0
3610,318,609,1054,56,0
3611,304,623,1035,56,0
3612,323,611,1054,135,0
3613,323,634,1074,131,0
3614,312,611,1054,121,0
3615,312,634,1074,146,0
3616,345,637,1082,56,0
3617,359,623,1081,56,0
3618,345,609,1076,56,0
3619,331,623,1075,56,0
3620,351,611,1076,124,0
3621,351,634,1082,152,0
3622,339,611,1076,141,0
3623,339,634,1082,116,0
3624,290,527,977,56,0
3625,304,514,978,56,0
3626,290,500,331,56,0
3627,276,514,332,56,0
3628,284,502,331,123,0
3629,296,502,331,125,0
3630,296,525,977,147,0
3631,284,525,977,137,0
3632,276,541,976,56,0
3633,290,555,1040,56,0
3634,304,541,1085,56,0
3635,290,527,977,56,0
3636,295,552,1040,142,0
3637,284,552,1040,117,0
3638,296,529,977,132,0
3639,284,529,977,142,0
3640,331,596,1053,56,0
3641,318,582,1037,56,0
3642,304,596,1036,56,0
3643,318,609,1054,56,0
3644,312,584,1037,128,0
3645,324,584,1037,127,0
3646,312,607,1054,133,0
3647,323,607,1054,145,0
3648,345,609,1076,56,0
3649,359,596,1077,56,0
3650,345,582,1052,56,0
3651,331,596,1053,56,0
3652,351,584,1052,142,0
3653,351,607,1076,128,0
3654,339,584,1052,122,0
3655,339,607,1076,141,0
3656,276,568,1041,56,0
3657,304,582,1042,116,0
3658,331,568,1038,56,0
3659,304,555,1040,116,0
3660,323,557,1039,168,0
3661,323,580,1037,138,0
3662,310,557,1039,134,0
3663,310,580,1037,140,0
3664,298,557,1040,154,0
3665,298,580,1042,141,0
3666,285,580,1042,159,0
3667,285,557,1040,134,0
3668,359,609,1076,116,0
3669,373,637,1083,56,0
3670,387,609,1045,116,0
3671,373,582,1051,56,0
3672,379,634,1083,138,0
3673,367,634,1083,156,0
3674,385,615,1084,163,0
3675,361,615,1081,134,0
3676,385,603,1045,143,0
3677,361,603,1077,146,0
3678,379,584,1051,140,0
3679,367,584,1051,147,0
3680,304,596,1036,56,0
3681,290,582,1042,56,0
3682,276,596,1087,56,0
3683,290,609,1055,56,0
3684,284,584,1042,137,0
3685,296,584,1042,139,0
3686,284,607,1055,122,0
3687,296,607,1055,136,0
3688,387,596,1045,56,0
3689,401,609,1046,56,0
3690,414,596,1047,56,0
3691,401,582,1044,56,0
3692,406,607,1046,129,0
3693,395,607,1046,128,0
3694,407,584,1044,132,0
3695,395,584,1044,145,0
3696,401,582,1044,56,0
3697,414,568,1048,56,0
3698,401,555,1049,56,0
3699,387,568,1050,56,0
3700,406,557,1049,127,0
3701,406,580,1044,134,0
3702,395,557,1049,142,0
3703,395,580,1044,130,0
