ID,source,target,length,type
0,100,101,28,0
1,101,108,25,0
2,108,113,25,0
3,113,117,27,0
4,117,120,24,0
5,120,123,23,0
6,123,126,23,0
7,126,129,24,0
8,129,132,24,0
9,132,135,23,0
10,135,139,24,0
11,139,143,25,0
12,143,149,27,0
13,149,155,24,0
14,155,162,26,0
15,162,169,22,0
16,169,176,23,0
17,176,182,26,0
18,182,190,27,0
19,190,200,23,0
20,200,209,23,0
21,209,218,22,0
22,218,228,25,0
23,228,237,24,0
24,237,245,23,0
25,245,252,26,0
26,252,258,26,0
27,258,263,18,0
28,263,268,23,0
29,268,273,22,0
30,273,278,27,0
31,278,283,23,0
32,283,288,26,0
33,288,293,26,0
34,293,296,23,0
35,296,300,28,0
36,300,305,25,0
37,305,310,24,0
38,310,315,26,0
39,315,321,22,0
40,321,326,23,0
41,326,332,22,0
42,332,337,26,0
43,337,342,23,0
44,342,347,25,0
45,347,352,23,0
46,352,356,25,0
47,356,360,27,0
48,360,364,27,0
49,364,366,26,0
50,366,368,23,0
51,368,370,29,0
52,370,372,24,0
53,372,374,24,0
54,374,376,26,0
55,376,378,25,0
56,378,380,25,0
57,380,382,26,0
58,382,384,27,0
59,384,386,26,0
60,386,388,23,0
61,388,390,25,0
62,390,392,26,0
63,392,394,22,0
64,394,395,26,0
65,395,396,25,0
66,112,105,41,0
67,105,104,27,0
68,104,111,26,0
69,111,116,26,0
70,116,119,22,0
71,119,122,25,0
72,122,125,27,0
73,125,128,27,0
74,128,131,27,0
75,131,134,27,0
76,134,138,27,0
77,138,414,28,0
78,414,142,12,0
79,142,148,27,0
80,148,154,27,0
81,154,161,27,0
82,161,167,27,0
83,167,174,27,0
84,174,180,27,0
85,180,186,27,0
86,186,194,27,0
87,194,205,27,0
88,205,215,27,0
89,215,224,27,0
90,224,234,27,0
91,234,242,27,0
92,106,107,28,0
93,111,114,31,0
94,114,109,27,0
95,109,102,27,0
96,102,103,27,0
97,103,110,27,0
98,110,115,27,0
99,115,118,27,0
100,118,121,27,0
101,121,124,27,0
102,124,127,27,0
103,127,130,27,0
104,130,133,27,0
105,133,137,28,0
106,137,141,28,0
107,141,145,28,0
108,145,151,28,0
109,151,157,28,0
110,157,164,28,0
111,164,171,28,0
112,171,177,28,0
113,177,183,28,0
114,183,192,28,0
115,192,202,28,0
116,202,212,28,0
117,212,221,28,0
118,221,231,28,0
119,231,240,28,0
120,240,248,28,0
121,248,255,28,0
122,255,261,28,0
123,126,349,32,0
124,349,344,23,0
125,344,339,26,0
126,339,334,26,0
127,334,328,25,0
128,328,323,22,0
129,323,317,27,0
130,317,312,27,0
131,312,307,27,0
132,307,302,27,0
133,302,297,27,0
134,297,301,27,0
135,301,306,27,0
136,306,311,27,0
137,311,316,27,0
138,316,322,27,0
139,322,327,27,0
140,327,333,27,0
141,333,338,27,0
142,338,343,27,0
143,343,348,27,0
144,348,353,27,0
145,353,174,37,0
146,133,136,27,0
147,136,140,27,0
148,140,144,27,0
149,144,150,27,0
150,150,156,27,0
151,156,163,27,0
152,163,170,27,0
153,136,196,39,0
154,196,188,28,0
155,188,181,28,0
156,181,175,28,0
157,175,168,28,0
158,168,161,28,0
159,161,363,18,0
160,363,359,27,0
161,359,355,27,0
162,355,351,27,0
163,351,346,27,0
164,346,341,27,0
165,341,336,27,0
166,336,331,27,0
167,331,325,27,0
168,325,319,27,0
169,319,313,27,0
170,313,307,27,0
171,138,142,27,0
172,179,173,29,0
173,173,166,28,0
174,166,159,29,0
175,159,160,39,0
176,160,153,28,0
177,153,147,27,0
178,147,141,27,0
179,141,146,27,0
180,146,152,27,0
181,152,158,27,0
182,158,165,27,0
183,165,172,27,0
184,172,178,27,0
185,178,184,27,0
186,153,159,27,0
187,154,363,28,0
188,167,207,28,0
189,207,198,28,0
190,198,189,28,0
191,189,181,27,0
192,168,207,27,0
193,178,185,28,0
194,185,193,28,0
195,193,204,28,0
196,204,214,28,0
197,214,223,28,0
198,223,233,28,0
199,233,241,28,0
200,241,249,28,0
201,249,256,28,0
202,256,262,28,0
203,262,267,28,0
204,267,272,28,0
205,272,277,28,0
206,277,282,28,0
207,282,286,28,0
208,286,292,28,0
209,180,187,28,0
210,187,195,28,0
211,195,206,28,0
212,206,197,27,0
213,197,189,27,0
214,182,191,27,0
215,191,211,34,0
216,211,220,27,0
217,220,230,23,0
218,230,239,25,0
219,239,247,24,0
220,247,254,27,0
221,254,260,23,0
222,260,265,24,0
223,265,270,24,0
224,270,275,23,0
225,275,280,25,0
226,190,199,26,0
227,199,208,25,0
228,208,217,24,0
229,217,226,26,0
230,226,236,26,0
231,236,244,22,0
232,244,251,25,0
233,251,257,23,0
234,257,263,25,0
235,191,201,22,0
236,201,210,27,0
237,210,219,26,0
238,219,229,23,0
239,229,238,22,0
240,238,246,24,0
241,246,253,22,0
242,253,259,25,0
243,259,264,25,0
244,264,269,23,0
245,269,274,22,0
246,274,279,25,0
247,279,284,27,0
248,284,289,27,0
249,192,203,27,0
250,203,213,27,0
251,213,222,27,0
252,222,232,28,0
253,199,227,41,0
254,227,217,25,0
255,201,211,25,0
256,206,216,27,0
257,216,225,27,0
258,225,235,27,0
259,235,243,27,0
260,243,250,27,0
261,209,227,21,0
262,260,266,22,0
263,266,271,23,0
264,271,276,26,0
265,276,281,23,0
266,281,285,27,0
267,285,291,25,0
268,291,295,25,0
269,295,299,25,0
270,299,304,27,0
271,304,309,24,0
272,309,314,25,0
273,314,320,22,0
274,282,287,27,0
275,284,290,27,0
276,290,294,27,0
277,294,297,27,0
278,294,298,27,0
279,298,303,27,0
280,303,308,27,0
281,312,318,27,0
282,318,324,27,0
283,324,330,27,0
284,330,335,19,0
285,335,340,25,0
286,340,345,25,0
287,345,350,27,0
288,350,354,27,0
289,354,358,27,0
290,358,362,27,0
291,362,346,25,0
292,313,318,27,0
293,323,329,26,0
294,329,335,25,0
295,329,330,17,0
296,353,357,27,0
297,357,361,27,0
298,361,365,27,0
299,365,367,27,0
300,367,369,27,0
301,369,371,27,0
302,371,373,27,0
303,373,375,27,0
304,375,377,27,0
305,377,379,27,0
306,379,381,27,0
307,381,383,27,0
308,382,385,27,0
309,385,387,27,0
310,387,389,31,0
311,389,391,39,0
312,391,393,37,0
313,107,662,28,1
314,662,649,27,1
315,649,663,27,1
316,663,622,28,1
317,622,606,28,1
318,606,563,28,1
319,563,546,28,1
320,546,592,27,1
321,592,579,28,1
322,579,563,27,1
323,563,580,27,1
324,580,623,27,1
325,623,607,28,1
326,607,594,27,1
327,594,606,27,1
328,606,593,27,1
329,593,579,28,1
330,579,867,27,1
331,867,860,28,1
332,860,853,27,1
333,853,848,28,1
334,848,845,27,1
335,845,840,27,1
336,840,844,27,1
337,844,834,27,1
338,834,836,28,1
339,836,839,27,1
340,839,850,27,1
341,850,855,27,1
342,110,397,28,1
343,397,398,27,1
344,398,128,43,1
345,118,399,28,1
346,399,400,27,1
347,121,401,28,1
348,401,399,27,1
349,399,403,28,1
350,403,405,28,1
351,405,134,37,1
352,124,406,28,1
353,406,409,28,1
354,409,415,28,1
355,415,412,28,1
356,412,154,37,1
357,127,404,28,1
358,404,407,27,1
359,407,130,28,1
360,145,416,27,1
361,416,160,27,1
362,160,454,27,1
363,454,166,26,1
364,146,455,28,1
365,455,426,28,1
366,426,151,27,1
367,151,418,27,1
368,418,416,28,1
369,416,147,28,1
370,149,417,28,1
371,417,419,27,1
372,419,423,28,1
373,423,430,27,1
374,430,440,28,1
375,440,328,31,1
376,155,436,27,1
377,436,448,28,1
378,448,485,28,1
379,485,246,27,1
380,246,526,28,1
381,526,314,38,1
382,156,421,28,1
383,421,425,27,1
384,157,422,27,1
385,422,426,28,1
386,426,433,27,1
387,433,467,27,1
388,467,483,27,1
389,158,456,28,1
390,456,467,28,1
391,467,457,28,1
392,457,468,27,1
393,468,484,28,1
394,484,496,28,1
395,496,503,27,1
396,159,454,28,1
397,454,443,28,1
398,443,482,27,1
399,482,466,28,1
400,466,481,28,1
401,481,465,28,1
402,465,480,28,1
403,480,493,27,1
404,493,479,28,1
405,479,465,27,1
406,465,452,27,1
407,452,464,27,1
408,464,438,27,1
409,438,171,27,1
410,497,486,27,1
411,486,472,28,1
412,472,460,27,1
413,460,449,28,1
414,449,162,24,1
415,162,428,28,1
416,428,436,27,1
417,164,427,27,1
418,427,422,28,1
419,422,445,27,1
420,445,457,27,1
421,472,437,28,1
422,437,169,27,1
423,169,435,28,1
424,435,428,27,1
425,524,514,27,1
426,514,523,27,1
427,523,534,28,1
428,534,547,27,1
429,547,564,28,1
430,564,523,27,1
431,523,515,28,1
432,515,509,27,1
433,509,516,27,1
434,516,550,27,1
435,550,535,28,1
436,535,524,27,1
437,524,516,28,1
438,516,498,28,1
439,498,489,28,1
440,489,474,27,1
441,474,177,27,1
442,177,450,27,1
443,450,438,28,1
444,438,441,28,1
445,441,431,27,1
446,431,442,27,1
447,442,481,27,1
448,481,494,27,1
449,494,479,28,1
450,479,492,27,1
451,492,623,27,1
452,179,508,35,1
453,508,501,28,1
454,501,492,28,1
455,492,500,28,1
456,500,507,27,1
457,507,533,27,1
458,533,546,27,1
459,546,562,28,1
460,562,545,28,1
461,545,532,27,1
462,532,544,27,1
463,544,531,27,1
464,531,521,28,1
465,521,513,27,1
466,513,507,28,1
467,180,790,19,1
468,790,785,27,1
469,785,186,28,1
470,181,413,42,1
471,413,415,27,1
472,474,462,28,1
473,462,183,27,1
474,183,487,27,1
475,487,203,28,1
476,187,490,27,1
477,490,207,27,1
478,199,598,20,1
479,598,584,28,1
480,584,536,28,1
481,536,551,27,1
482,551,190,30,1
483,190,584,37,1
484,584,567,27,1
485,567,585,27,1
486,585,568,27,1
487,568,668,27,1
488,668,677,27,1
489,677,686,27,1
490,686,697,28,1
491,697,687,27,1
492,687,677,28,1
493,677,688,28,1
494,688,696,27,1
495,696,275,22,1
496,192,550,27,1
497,195,475,27,1
498,475,198,27,1
499,197,475,28,1
500,475,490,28,1
501,210,447,30,1
502,447,435,28,1
503,658,644,28,1
504,644,212,27,1
505,212,549,27,1
506,549,566,27,1
507,566,583,28,1
508,583,597,27,1
509,597,221,27,1
510,221,658,27,1
511,658,615,27,1
512,615,601,27,1
513,601,614,27,1
514,614,619,27,1
515,619,633,27,1
516,633,620,27,1
517,620,634,27,1
518,634,671,27,1
519,671,681,27,1
520,681,712,27,1
521,712,721,27,1
522,721,729,28,1
523,729,702,27,1
524,702,712,28,1
525,712,703,28,1
526,703,713,28,1
527,713,723,27,1
528,723,693,28,1
529,693,681,28,1
530,681,692,28,1
531,692,702,27,1
532,702,711,28,1
533,711,720,27,1
534,720,728,28,1
535,728,735,27,1
536,735,741,28,1
537,741,757,28,1
538,757,750,27,1
539,750,756,27,1
540,756,710,28,1
541,710,719,27,1
542,719,691,28,1
543,691,680,28,1
544,680,711,27,1
545,215,499,28,1
546,499,505,27,1
547,505,510,28,1
548,510,367,23,1
549,367,786,27,1
550,786,791,27,1
551,791,369,27,1
552,220,506,27,1
553,506,295,39,1
554,222,488,28,1
555,488,495,28,1
556,495,452,28,1
557,452,442,28,1
558,442,453,28,1
559,453,443,28,1
560,443,432,27,1
561,432,418,27,1
562,418,420,28,1
563,420,424,27,1
564,424,453,27,1
565,453,466,27,1
566,466,502,27,1
567,502,508,27,1
568,304,525,21,1
569,525,229,28,1
570,229,471,31,1
571,471,485,27,1
572,598,610,27,1
573,610,567,28,1
574,567,552,28,1
575,552,536,27,1
576,536,527,28,1
577,527,230,24,1
578,230,511,28,1
579,511,506,27,1
580,506,512,27,1
581,231,555,27,1
582,555,570,27,1
583,570,587,27,1
584,587,601,28,1
585,601,643,28,1
586,643,657,28,1
587,750,746,28,1
588,746,728,28,1
589,728,701,27,1
590,701,691,27,1
591,691,700,27,1
592,700,709,28,1
593,709,718,27,1
594,718,708,27,1
595,708,699,28,1
596,699,669,28,1
597,669,659,28,1
598,659,620,28,1
599,620,605,28,1
600,605,621,28,1
601,621,578,27,1
602,578,561,27,1
603,561,577,27,1
604,577,232,31,1
605,232,576,25,1
606,576,480,28,1
607,480,495,27,1
608,238,519,28,1
609,519,525,27,1
610,268,738,40,1
611,738,732,28,1
612,732,724,27,1
613,724,714,28,1
614,714,705,27,1
615,705,715,27,1
616,715,725,28,1
617,725,733,27,1
618,733,685,28,1
619,685,675,27,1
620,675,666,28,1
621,666,627,28,1
622,627,612,28,1
623,612,568,28,1
624,568,553,28,1
625,553,537,27,1
626,537,552,27,1
627,552,520,28,1
628,520,239,27,1
629,239,518,24,1
630,518,281,25,1
631,240,539,27,1
632,539,555,28,1
633,244,684,32,1
634,684,695,27,1
635,695,725,27,1
636,247,528,21,1
637,528,520,27,1
638,520,527,27,1
639,277,651,27,1
640,651,608,27,1
641,608,595,27,1
642,595,557,27,1
643,557,540,27,1
644,540,530,28,1
645,530,248,27,1
646,248,529,27,1
647,529,539,28,1
648,539,556,27,1
649,556,570,28,1
650,253,645,24,1
651,645,632,27,1
652,632,617,27,1
653,617,603,27,1
654,603,618,27,1
655,528,559,15,1
656,559,542,14,1
657,542,254,27,1
658,254,553,36,1
659,530,541,28,1
660,541,255,27,1
661,255,538,27,1
662,538,529,28,1
663,529,571,27,1
664,571,588,27,1
665,588,602,28,1
666,602,556,27,1
667,556,571,28,1
668,259,477,28,1
669,477,264,33,1
670,264,476,32,1
671,476,491,27,1
672,491,478,28,1
673,478,440,28,1
674,440,451,27,1
675,451,423,28,1
676,423,429,27,1
677,429,448,39,1
678,448,459,27,1
679,459,447,27,1
680,292,704,27,1
681,704,694,28,1
682,694,683,27,1
683,683,673,28,1
684,673,664,27,1
685,664,573,27,1
686,573,558,27,1
687,558,261,27,1
688,261,554,27,1
689,554,538,28,1
690,538,586,27,1
691,586,600,27,1
692,600,641,27,1
693,641,628,28,1
694,628,613,27,1
695,613,600,28,1
696,684,674,28,1
697,674,639,28,1
698,639,626,28,1
699,626,610,28,1
700,610,599,27,1
701,599,612,27,1
702,612,655,27,1
703,655,668,28,1
704,668,698,28,1
705,698,265,28,1
706,265,574,27,1
707,574,266,29,1
708,583,565,27,1
709,565,581,28,1
710,581,595,28,1
711,595,638,28,1
712,638,624,27,1
713,624,608,28,1
714,608,596,28,1
715,596,609,27,1
716,609,625,28,1
717,625,267,27,1
718,267,575,27,1
719,270,590,27,1
720,590,574,27,1
721,274,603,27,1
722,298,689,27,1
723,689,678,27,1
724,678,303,27,1
725,301,716,27,1
726,716,707,27,1
727,707,319,27,1
728,311,717,27,1
729,717,325,27,1
730,316,706,27,1
731,706,769,27,1
732,769,778,27,1
733,778,754,27,1
734,754,749,27,1
735,749,755,27,1
736,755,780,27,1
737,780,772,27,1
738,772,764,27,1
739,764,771,27,1
740,771,779,27,1
741,779,784,27,1
742,784,789,27,1
743,789,795,27,1
744,327,726,27,1
745,726,734,27,1
746,734,333,27,1
747,330,740,35,1
748,740,745,27,1
749,745,345,19,1
750,340,740,27,1
751,362,773,27,1
752,365,781,27,1
753,781,785,27,1
754,391,812,35,1
755,812,801,28,1
756,801,799,28,1
757,799,800,28,1
758,800,802,27,1
759,802,805,28,1
760,805,817,28,1
761,817,821,28,1
762,821,825,27,1
763,806,803,28,1
764,803,801,27,1
765,801,804,27,1
766,804,808,28,1
767,808,813,27,1
768,813,824,27,1
769,824,820,28,1
770,820,823,28,1
771,823,834,28,1
772,834,830,27,1
773,830,833,27,1
774,833,393,38,1
775,393,819,20,1
776,819,808,28,1
777,808,812,27,1
778,812,807,27,1
779,807,811,27,1
780,401,402,28,1
781,402,409,27,1
782,409,411,27,1
783,411,413,28,1
784,402,403,27,1
785,411,404,28,1
786,404,406,27,1
787,405,408,27,1
788,408,410,28,1
789,410,412,27,1
790,410,414,10,1
791,417,429,28,1
792,429,439,28,1
793,432,424,28,1
794,424,431,28,1
795,427,434,27,1
796,434,446,28,1
797,446,458,27,1
798,458,496,27,1
799,445,433,28,1
800,433,444,28,1
801,444,456,27,1
802,434,469,27,1
803,469,484,27,1
804,437,449,27,1
805,444,455,27,1
806,450,461,27,1
807,461,464,28,1
808,451,463,28,1
809,463,476,28,1
810,625,582,27,1
811,582,565,27,1
812,565,548,28,1
813,548,514,28,1
814,514,509,28,1
815,509,504,28,1
816,504,470,28,1
817,470,458,28,1
818,458,469,28,1
819,459,471,28,1
820,461,473,28,1
821,473,488,27,1
822,478,463,27,1
823,463,477,27,1
824,473,487,27,1
825,502,494,28,1
826,494,501,27,1
827,498,504,27,1
828,781,510,36,1
829,510,517,27,1
830,511,518,27,1
831,544,513,28,1
832,513,522,27,1
833,522,562,27,1
834,519,526,27,1
835,526,645,33,1
836,650,636,28,1
837,636,594,28,1
838,594,580,28,1
839,580,533,28,1
840,533,522,28,1
841,522,532,28,1
842,532,682,28,1
843,682,672,27,1
844,672,661,28,1
845,661,693,27,1
846,693,703,27,1
847,703,730,27,1
848,730,721,28,1
849,531,543,27,1
850,543,561,28,1
851,596,582,28,1
852,582,534,28,1
853,534,548,27,1
854,535,549,28,1
855,537,559,13,1
856,541,558,28,1
857,543,560,28,1
858,560,576,27,1
859,554,569,27,1
860,569,613,27,1
861,557,572,28,1
862,572,589,27,1
863,589,597,28,1
864,569,586,28,1
865,572,581,27,1
866,578,591,28,1
867,591,633,28,1
868,633,646,28,1
869,646,659,27,1
870,659,647,27,1
871,647,634,28,1
872,634,648,28,1
873,648,682,28,1
874,585,599,28,1
875,599,611,28,1
876,611,626,27,1
877,587,629,27,1
878,629,614,28,1
879,614,630,28,1
880,630,643,27,1
881,643,631,27,1
882,631,644,27,1
883,661,648,27,1
884,648,605,27,1
885,605,591,27,1
886,591,604,27,1
887,604,630,27,1
888,593,635,28,1
889,635,649,28,1
890,602,616,27,1
891,616,656,27,1
892,656,642,28,1
893,642,619,28,1
894,619,604,28,1
895,639,653,27,1
896,653,611,28,1
897,611,627,27,1
898,627,640,27,1
899,640,676,27,1
900,676,667,28,1
901,667,654,27,1
902,654,666,27,1
903,615,631,28,1
904,616,629,28,1
905,629,642,27,1
906,642,646,27,1
907,646,679,28,1
908,679,690,28,1
909,690,699,27,1
910,699,727,27,1
911,727,700,27,1
912,700,670,28,1
913,670,680,27,1
914,636,622,27,1
915,622,635,27,1
916,624,637,27,1
917,637,694,28,1
918,637,651,28,1
919,638,652,28,1
920,652,664,28,1
921,687,655,27,1
922,655,640,28,1
923,640,654,28,1
924,654,685,28,1
925,647,660,27,1
926,660,692,27,1
927,652,683,27,1
928,653,665,28,1
929,665,695,28,1
930,695,705,28,1
931,671,660,28,1
932,660,670,28,1
933,665,674,27,1
934,669,679,27,1
935,686,696,28,1
936,688,698,27,1
937,701,710,28,1
938,707,717,27,1
939,713,722,27,1
940,722,731,28,1
941,731,737,27,1
942,718,727,28,1
943,787,782,27,1
944,782,758,27,1
945,758,765,28,1
946,765,759,28,1
947,759,752,27,1
948,752,775,28,1
949,775,766,27,1
950,766,760,28,1
951,760,742,28,1
952,742,736,28,1
953,736,743,28,1
954,743,722,27,1
955,722,730,28,1
956,730,736,27,1
957,736,838,27,1
958,838,828,27,1
959,828,824,27,1
960,734,739,27,1
961,739,755,27,1
962,755,764,27,1
963,739,744,27,1
964,744,749,27,1
965,782,774,28,1
966,774,765,27,1
967,765,747,27,1
968,747,741,27,1
969,741,746,27,1
970,742,748,27,1
971,748,768,27,1
972,768,777,27,1
973,743,842,28,1
974,842,845,28,1
975,845,859,28,1
976,859,853,27,1
977,853,858,28,1
978,858,867,27,1
979,744,762,27,1
980,762,769,27,1
981,752,747,28,1
982,747,751,28,1
983,751,758,27,1
984,748,753,28,1
985,753,760,27,1
986,751,757,27,1
987,753,761,27,1
988,761,767,28,1
989,767,776,27,1
990,776,794,27,1
991,794,797,27,1
992,797,798,28,1
993,798,804,28,1
994,784,763,27,1
995,763,754,27,1
996,754,762,27,1
997,761,768,28,1
998,768,828,28,1
999,828,831,28,1
1000,831,820,27,1
1001,820,816,27,1
1002,816,819,27,1
1003,763,770,27,1
1004,817,814,27,1
1005,814,796,27,1
1006,796,793,27,1
1007,793,774,27,1
1008,774,783,28,1
1009,783,776,28,1
1010,783,788,27,1
1011,788,793,28,1
1012,794,788,28,1
1013,788,792,27,1
1014,792,796,28,1
1015,792,797,28,1
1016,798,799,27,1
1017,800,809,28,1
1018,809,814,28,1
1019,803,807,28,1
1020,832,829,27,1
1021,829,826,28,1
1022,826,822,27,1
1023,822,818,28,1
1024,818,815,27,1
1025,815,810,28,1
1026,810,805,27,1
1027,805,809,27,1
1028,810,822,27,1
1029,813,816,28,1
1030,816,827,28,1
1031,827,830,28,1
1032,830,839,28,1
1033,839,843,28,1
1034,843,847,27,1
1035,847,865,27,1
1036,865,870,27,1
1037,870,863,28,1
1038,863,872,27,1
1039,872,866,28,1
1040,866,859,28,1
1041,859,876,27,1
1042,876,870,28,1
1043,823,827,27,1
1044,883,877,28,1
1045,877,878,27,1
1046,878,881,28,1
1047,881,883,27,1
1048,883,882,27,1
1049,882,880,28,1
1050,880,877,27,1
1051,877,871,28,1
1052,871,863,28,1
1053,863,857,27,1
1054,857,865,28,1
1055,865,879,28,1
1056,879,844,28,1
1057,844,841,28,1
1058,841,831,28,1
1059,831,835,27,1
1060,835,838,28,1
1061,835,837,28,1
1062,837,840,28,1
1063,842,837,27,1
1064,837,841,27,1
1065,843,846,27,1
1066,846,849,27,1
1067,849,854,28,1
1068,854,861,28,1
1069,861,868,27,1
1070,868,873,28,1
1071,854,851,27,1
1072,851,846,28,1
1073,846,850,28,1
1074,847,852,28,1
1075,852,857,27,1
1076,857,864,28,1
1077,864,871,27,1
1078,851,856,27,1
1079,856,862,28,1
1080,862,869,27,1
1081,869,864,27,1
1082,852,869,28,1
1083,869,875,28,1
1084,875,878,27,1
1085,858,866,27,1
1086,868,874,28,1
1087,876,879,27,1
