ID,positionX,positionY
100,552,500
101,580,500
102,497,445
103,497,418
104,497,555
105,497,582
106,442,500
107,414,500
108,604,507
109,497,473
110,497,391
111,506,530
112,492,622
113,627,516
114,497,500
115,497,363
116,524,511
117,648,534
118,497,336
119,531,491
120,660,555
121,497,309
122,543,468
123,674,573
124,497,281
125,555,444
126,689,590
127,497,254
128,568,420
129,708,605
130,497,227
131,581,395
132,723,623
133,497,199
134,593,371
135,743,634
136,497,172
137,470,199
138,606,347
139,767,637
140,497,145
141,442,199
142,618,322
143,787,651
144,497,117
145,414,199
146,442,172
147,442,227
148,631,298
149,807,668
150,497,90
151,387,199
152,442,145
153,442,254
154,643,274
155,822,687
156,497,63
157,359,199
158,442,117
159,442,281
160,414,254
161,656,249
162,831,711
163,497,35
164,331,199
165,442,90
166,425,305
167,669,225
168,631,237
169,840,732
170,497,8
171,304,199
172,442,63
173,409,327
174,681,201
175,607,224
176,837,755
177,276,199
178,442,35
179,392,351
180,694,176
181,582,212
182,845,779
183,249,199
184,442,8
185,414,35
186,706,152
187,669,164
188,558,199
189,595,188
190,847,806
191,871,771
192,221,199
193,387,35
194,719,128
195,645,151
196,533,187
197,608,163
198,620,200
199,838,831
200,823,805
201,886,755
202,193,199
203,221,227
204,359,35
205,732,103
206,620,139
207,644,212
208,819,847
209,802,813
210,909,741
211,905,771
212,166,199
213,221,254
214,331,35
215,744,79
216,633,115
217,798,859
218,780,818
219,926,721
220,923,791
221,138,199
222,221,281
223,304,35
224,757,55
225,645,90
226,780,877
227,797,834
228,756,820
229,932,700
230,935,810
231,110,199
232,224,309
233,276,35
234,769,30
235,658,66
236,757,888
237,735,831
238,929,678
239,949,830
240,83,199
241,249,35
242,782,6
243,670,42
244,735,893
245,718,847
246,925,654
247,953,854
248,55,199
249,221,35
250,683,17
251,710,888
252,694,856
253,922,632
254,952,881
255,28,199
256,193,35
257,687,886
258,671,869
259,920,607
260,959,903
261,0,199
262,166,35
263,663,884
264,921,582
265,961,927
266,974,887
267,138,35
268,642,896
269,927,560
270,973,947
271,989,870
272,110,35
273,621,902
274,935,539
275,977,970
276,995,844
277,83,35
278,601,920
279,953,522
280,979,994
281,998,821
282,55,35
283,581,931
284,974,504
285,1000,794
286,28,35
287,55,8
288,558,943
289,994,485
290,955,484
291,992,771
292,0,35
293,532,942
294,936,464
295,977,751
296,511,933
297,917,444
298,956,445
299,973,727
300,484,928
301,898,424
302,897,462
303,976,426
304,981,702
305,459,929
306,879,404
307,877,481
308,996,408
309,989,679
310,438,941
311,860,384
312,856,500
313,858,461
314,989,654
315,413,948
316,841,364
317,836,518
318,838,480
319,839,441
320,1000,635
321,395,960
322,823,344
323,821,541
324,817,499
325,820,421
326,385,981
327,804,324
328,810,559
329,796,534
330,797,517
331,801,401
332,368,995
333,785,304
334,792,576
335,778,517
336,782,381
337,352,975
338,766,284
339,770,590
340,764,497
341,763,361
342,336,959
343,747,264
344,744,595
345,759,472
346,744,341
347,316,942
348,728,244
349,721,593
350,753,445
351,726,321
352,303,923
353,709,224
354,747,419
355,707,302
356,296,899
357,729,206
358,741,392
359,688,282
360,300,872
361,750,187
362,736,365
363,669,262
364,317,851
365,770,168
366,334,832
367,790,150
368,345,812
369,810,131
370,318,821
371,830,112
372,297,833
373,850,93
374,273,834
375,871,75
376,249,825
377,891,56
378,224,827
379,911,37
380,200,832
381,931,19
382,175,836
383,951,0
384,152,852
385,184,811
386,128,863
387,182,784
388,113,881
389,190,755
390,103,904
391,201,718
392,98,929
393,212,682
394,85,948
395,74,971
396,61,992
397,525,391
398,525,418
399,525,336
400,525,363
401,525,309
402,552,309
403,552,336
404,525,254
405,580,336
406,525,281
407,525,227
408,580,309
409,552,281
410,608,309
411,552,254
412,608,281
413,580,254
414,607,318
415,580,281
416,414,227
417,829,651
418,387,227
419,811,630
420,359,227
421,470,63
422,359,172
423,833,612
424,359,254
425,470,35
426,387,172
427,331,172
428,857,701
429,850,634
430,815,591
431,331,254
432,387,254
433,387,145
434,331,145
435,867,726
436,847,676
437,813,737
438,304,227
439,871,616
440,837,574
441,331,227
442,331,281
443,387,281
444,414,145
445,359,145
446,304,145
447,893,716
448,872,665
449,807,711
450,276,227
451,854,595
452,304,281
453,359,281
454,414,281
455,414,172
456,414,117
457,359,117
458,304,117
459,882,691
460,780,716
461,276,254
462,249,172
463,875,578
464,304,254
465,304,309
466,359,309
467,387,117
468,359,90
469,331,117
470,276,117
471,908,681
472,786,743
473,249,254
474,276,172
475,632,176
476,897,561
477,893,599
478,858,557
479,304,336
480,276,309
481,331,309
482,387,309
483,387,90
484,331,90
485,898,655
486,759,749
487,249,227
488,249,281
489,276,145
490,657,188
491,879,539
492,304,363
493,276,336
494,331,336
495,276,281
496,304,90
497,753,722
498,249,145
499,769,91
500,276,363
501,331,363
502,359,336
503,304,63
504,249,117
505,756,116
506,947,776
507,276,391
508,359,363
509,221,117
510,781,128
511,962,799
512,932,753
513,249,391
514,193,117
515,221,90
516,221,145
517,793,104
518,972,824
519,956,674
520,924,842
521,249,363
522,249,418
523,193,90
524,193,145
525,960,701
526,952,647
527,913,817
528,936,866
529,55,227
530,55,172
531,221,363
532,221,418
533,276,418
534,166,90
535,193,172
536,888,828
537,911,878
538,28,227
539,83,227
540,83,172
541,28,172
542,925,886
543,221,336
544,221,391
545,221,445
546,276,445
547,166,63
548,166,117
549,166,172
550,221,172
551,876,803
552,899,853
553,922,903
554,0,227
555,110,227
556,83,254
557,83,145
558,0,172
559,922,872
560,249,336
561,193,336
562,249,445
563,304,445
564,193,63
565,138,117
566,166,145
567,874,864
568,897,914
569,0,254
570,110,254
571,55,254
572,110,145
573,0,145
574,985,914
575,138,8
576,249,309
577,193,309
578,193,363
579,304,473
580,304,418
581,110,117
582,138,90
583,138,145
584,862,840
585,886,889
586,28,254
587,110,281
588,55,281
589,110,172
590,999,938
591,166,363
592,276,473
593,331,473
594,331,418
595,83,117
596,110,90
597,138,172
598,837,851
599,860,901
600,28,281
601,138,281
602,83,281
603,956,557
604,166,336
605,166,391
606,331,445
607,331,391
608,83,90
609,110,63
610,849,876
611,835,912
612,872,925
613,0,281
614,138,309
615,138,254
616,83,309
617,937,577
618,974,536
619,138,336
620,138,391
621,193,391
622,359,445
623,304,391
624,55,90
625,138,63
626,824,887
627,847,937
628,0,309
629,110,309
630,166,309
631,166,254
632,958,595
633,138,363
634,138,418
635,359,473
636,359,418
637,55,63
638,55,117
639,799,899
640,858,962
641,28,309
642,110,336
643,166,281
644,166,227
645,940,616
646,110,363
647,110,418
648,166,418
649,387,473
650,387,418
651,83,63
652,28,117
653,810,923
654,833,973
655,883,950
656,83,336
657,193,281
658,138,227
659,110,391
660,110,445
661,166,445
662,387,500
663,387,445
664,0,117
665,785,935
666,822,948
667,845,998
668,909,939
669,83,391
670,83,445
671,138,445
672,193,445
673,0,90
674,774,910
675,797,960
676,870,987
677,920,964
678,995,446
679,83,363
680,83,473
681,138,473
682,193,418
683,28,90
684,748,921
685,808,985
686,932,989
687,895,975
688,945,952
689,975,465
690,55,363
691,55,473
692,110,473
693,166,473
694,28,63
695,760,946
696,957,977
697,907,1000
698,934,927
699,55,391
700,55,445
701,55,500
702,110,500
703,166,500
704,0,63
705,735,958
706,862,345
707,859,423
708,28,391
709,28,445
710,28,500
711,83,500
712,138,500
713,193,500
714,723,933
715,746,983
716,878,442
717,840,403
718,28,418
719,28,473
720,83,527
721,138,527
722,193,527
723,193,473
724,698,944
725,772,971
726,824,305
727,55,418
728,55,527
729,110,527
730,166,527
731,221,527
732,687,919
733,783,996
734,805,285
735,55,555
736,166,555
737,221,500
738,662,931
739,825,267
740,787,483
741,28,555
742,138,555
743,193,555
744,844,287
745,773,460
746,28,527
747,28,582
748,138,582
749,864,268
750,0,527
751,0,582
752,55,582
753,110,582
754,883,288
755,845,248
756,0,500
757,0,555
758,0,609
759,55,609
760,110,555
761,110,609
762,863,307
763,903,269
764,865,229
765,28,609
766,83,555
767,83,609
768,138,609
769,882,327
770,922,289
771,884,249
772,847,209
773,709,361
774,28,637
775,83,582
776,83,637
777,138,637
778,902,308
779,904,231
780,826,228
781,751,148
782,0,637
783,55,637
784,923,251
785,731,167
786,809,169
787,0,664
788,55,664
789,943,232
790,710,186
791,829,151
792,55,691
793,28,664
794,83,664
795,925,212
796,28,691
797,83,691
798,110,691
799,110,719
800,83,719
801,138,719
802,83,746
803,138,746
804,138,691
805,55,746
806,110,746
807,166,746
808,166,691
809,55,719
810,55,773
811,166,773
812,166,719
813,166,664
814,28,719
815,28,773
816,193,664
817,28,746
818,28,801
819,193,691
820,193,637
821,0,746
822,55,801
823,221,637
824,166,637
825,0,773
826,55,828
827,221,664
828,166,609
829,83,828
830,249,664
831,193,609
832,83,855
833,249,691
834,249,637
835,193,582
836,276,637
837,221,582
838,166,582
839,276,664
840,249,582
841,221,609
842,221,555
843,304,664
844,249,609
845,249,555
846,304,691
847,304,637
848,249,527
849,304,719
850,276,691
851,331,691
852,331,637
853,276,527
854,331,719
855,276,719
856,331,664
857,331,609
858,304,527
859,276,555
860,276,500
861,359,719
862,359,664
863,331,582
864,359,609
865,304,609
866,304,555
867,304,500
868,359,746
869,359,637
870,304,582
871,359,582
872,331,555
873,331,746
874,387,746
875,387,637
876,276,582
877,387,582
878,387,609
879,276,609
880,387,555
881,414,609
882,414,555
883,414,582
