Group,Percent,Total_Check
Agriculture_and_Food_Supply,19.5,100
Textile_Production,6,100
Leather_and_Animal_Products,3.5,100
Pottery_and_Ceramics,2.5,100
Glass_Production,1,100
Metal_Crafts,3.5,100
Construction_Trades,5.5,100
Woodworking_and_Furniture,3,100
Household_Goods_Production,2,100
Trade_and_Retail_Commerce,9,100
Finance_and_Banking,1.5,100
Transport_and_Logistics,4.5,100
Hospitality_and_Food_Services,4,100
Personal_Services,3.5,100
Education_and_Intellectual_Work,1,100
Medicine_and_Health,1.5,100
Religion,1.5,100
Government_Administration,2,100
Military_Presence,4.5,100
Entertainment,2,100
Domestic_Servants,6.5,100
Informal_Economy,2.5,100
Vice_Economy,1.5,100
Criminal_Professions,1,100
Organized_Crime,0.5,100
Marginal_Population,1,100
Mining_and_Quarrying,1,100
Water_Management_and_Aqueducts,0.7,100
Sanitation_and_Waste,0.8,100
Urban_Maintenance_and_Public_Works,1.5,100
Law_and_Legal_System,0.8,100
Slave_Trade_and_Management,0.7,100