ID,name,type,edges
200,Road 200,0,0;1;2;3;4;5;6;7;8;9;10;11;12;13;14;15;16;17;18;19;20;21;22;23;24;25;26;27;28;29;30;31;32;33;34;35;36;37;38;39;40;41;42;43;44;45;46;47;48;49;50;51;52;53;54;55;56;57;58;59;60;61;62;63;64;65
201,Road 201,0,66;67;68;69;70;71;72;73;74;75;76;77;78;79;80;81;82;83;84;85;86;87;88;89;90;91
202,Road 202,0,92
203,Road 203,0,93;94;95;96;97;98;99;100;101;102;103;104;105;106;107;108;109;110;111;112;113;114;115;116;117;118;119;120;121;122
204,Road 204,0,123;124;125;126;127;128;129;130;131;132;133;134;135;136;137;138;139;140;141;142;143;144;145
205,Road 205,0,146;147;148;149;150;151;152
206,Road 206,0,153;154;155;156;157;158;159;160;161;162;163;164;165;166;167;168;169;170
207,Road 207,0,171
208,Road 208,0,172;173;174;175;176;177;178;179;180;181;182;183;184;185
209,Road 209,0,186
210,Road 210,0,187
211,Road 211,0,188;189;190;191
212,Road 212,0,192
213,Road 213,0,193;194;195;196;197;198;199;200;201;202;203;204;205;206;207;208
214,Road 214,0,209;210;211;212;213
215,Road 215,0,214;215;216;217;218;219;220;221;222;223;224;225
216,Road 216,0,226;227;228;229;230;231;232;233;234
217,Road 217,0,235;236;237;238;239;240;241;242;243;244;245;246;247;248
218,Road 218,0,249;250;251;252
219,Road 219,0,253;254
220,Road 220,0,255
221,Road 221,0,256;257;258;259;260
222,Road 222,0,261
223,Road 223,0,262;263;264;265;266;267;268;269;270;271;272;273
224,Road 224,0,274
225,Road 225,0,275;276;277
226,Road 226,0,278;279;280
227,Road 227,0,281;282;283;284;285;286;287;288;289;290;291
228,Road 228,0,292
229,Road 229,0,293;294
230,Road 230,0,295
231,Road 231,0,296;297;298;299;300;301;302;303;304;305;306;307
232,Road 232,0,308;309;310;311;312
233,Road 233,1,313;314;315;316;317;318;319;320;321;322;323;324;325;326;327;328;329;330;331;332;333;334;335;336;337;338;339;340;341
234,Road 234,1,342;343;344
235,Road 235,1,345;346
236,Road 236,1,347;348;349;350;351
237,Road 237,1,352;353;354;355;356
238,Road 238,1,357;358;359
239,Road 239,1,360;361;362;363
240,Road 240,1,364;365;366;367;368;369
241,Road 241,1,370;371;372;373;374;375
242,Road 242,1,376;377;378;379;380;381
243,Road 243,1,382;383
244,Road 244,1,384;385;386;387;388
245,Road 245,1,389;390;391;392;393;394;395
246,Road 246,1,396;397;398;399;400;401;402;403;404;405;406;407;408;409
247,Road 247,1,410;411;412;413;414;415;416
248,Road 248,1,417;418;419;420
249,Road 249,1,421;422;423;424
250,Road 250,1,425;426;427;428;429;430;431;432;433;434;435;436;437;438;439;440;441;442;443;444;445;446;447;448;449;450;451
251,Road 251,1,452;453;454;455;456;457;458;459;460;461;462;463;464;465;466
252,Road 252,1,467;468;469
253,Road 253,1,470;471
254,Road 254,1,472;473;474;475
255,Road 255,1,476;477
256,Road 256,1,478;479;480;481;482;483;484;485;486;487;488;489;490;491;492;493;494;495
257,Road 257,1,496
258,Road 258,1,497;498
259,Road 259,1,499;500
260,Road 260,1,501;502
261,Road 261,1,503;504;505;506;507;508;509;510;511;512;513;514;515;516;517;518;519;520;521;522;523;524;525;526;527;528;529;530;531;532;533;534;535;536;537;538;539;540;541;542;543;544
262,Road 262,1,545;546;547;548;549;550;551
263,Road 263,1,552;553
264,Road 264,1,554;555;556;557;558;559;560;561;562;563;564;565;566;567
265,Road 265,1,568;569;570;571
266,Road 266,1,572;573;574;575;576;577;578;579;580
267,Road 267,1,581;582;583;584;585;586
268,Road 268,1,587;588;589;590;591;592;593;594;595;596;597;598;599;600;601;602;603;604;605;606;607
269,Road 269,1,608;609
270,Road 270,1,610;611;612;613;614;615;616;617;618;619;620;621;622;623;624;625;626;627;628;629;630
271,Road 271,1,631;632
272,Road 272,1,633;634;635
273,Road 273,1,636;637;638
274,Road 274,1,639;640;641;642;643;644;645;646;647;648;649
275,Road 275,1,650;651;652;653;654
276,Road 276,1,655;656;657;658
277,Road 277,1,659;660;661;662;663;664;665;666;667
278,Road 278,1,668;669;670;671;672;673;674;675;676;677;678;679
279,Road 279,1,680;681;682;683;684;685;686;687;688;689;690;691;692;693;694;695
280,Road 280,1,696;697;698;699;700;701;702;703;704;705;706;707
281,Road 281,1,708;709;710;711;712;713;714;715;716;717;718
282,Road 282,1,719;720
283,Road 283,1,721
284,Road 284,1,722;723;724
285,Road 285,1,725;726;727
286,Road 286,1,728;729
287,Road 287,1,730;731;732;733;734;735;736;737;738;739;740;741;742;743
288,Road 288,1,744;745;746
289,Road 289,1,747;748;749
290,Road 290,1,750
291,Road 291,1,751
292,Road 292,1,752;753
293,Road 293,1,754;755;756;757;758;759;760;761;762
294,Road 294,1,763;764;765;766;767;768;769;770;771;772;773;774;775;776;777;778;779
295,Road 295,1,780;781;782;783
296,Road 296,1,784
297,Road 297,1,785;786
298,Road 298,1,787;788;789
299,Road 299,1,790
300,Road 300,1,791;792
301,Road 301,1,793;794
302,Road 302,1,795;796;797;798
303,Road 303,1,799;800;801
304,Road 304,1,802;803
305,Road 305,1,804
306,Road 306,1,805
307,Road 307,1,806;807
308,Road 308,1,808;809
309,Road 309,1,810;811;812;813;814;815;816;817;818
310,Road 310,1,819
311,Road 311,1,820;821
312,Road 312,1,822;823
313,Road 313,1,824
314,Road 314,1,825;826
315,Road 315,1,827
316,Road 316,1,828;829
317,Road 317,1,830
318,Road 318,1,831;832;833
319,Road 319,1,834;835
320,Road 320,1,836;837;838;839;840;841;842;843;844;845;846;847;848
321,Road 321,1,849;850
322,Road 322,1,851;852;853
323,Road 323,1,854
324,Road 324,1,855
325,Road 325,1,856
326,Road 326,1,857;858
327,Road 327,1,859;860
328,Road 328,1,861;862;863
329,Road 329,1,864
330,Road 330,1,865
331,Road 331,1,866;867;868;869;870;871;872;873
332,Road 332,1,874;875;876
333,Road 333,1,877;878;879;880;881;882
334,Road 334,1,883;884;885;886;887
335,Road 335,1,888;889
336,Road 336,1,890;891;892;893;894
337,Road 337,1,895;896;897;898;899;900;901;902
338,Road 338,1,903
339,Road 339,1,904;905;906;907;908;909;910;911;912;913
340,Road 340,1,914;915
341,Road 341,1,916;917
342,Road 342,1,918
343,Road 343,1,919;920
344,Road 344,1,921;922;923;924
345,Road 345,1,925;926
346,Road 346,1,927
347,Road 347,1,928;929;930
348,Road 348,1,931;932
349,Road 349,1,933
350,Road 350,1,934
351,Road 351,1,935
352,Road 352,1,936
353,Road 353,1,937
354,Road 354,1,938
355,Road 355,1,939;940;941
356,Road 356,1,942
357,Road 357,1,943;944;945;946;947;948;949;950;951;952;953;954;955;956;957;958;959
358,Road 358,1,960;961;962
359,Road 359,1,963;964
360,Road 360,1,965;966;967;968;969
361,Road 361,1,970;971;972
362,Road 362,1,973;974;975;976;977;978
363,Road 363,1,979;980
364,Road 364,1,981;982;983
365,Road 365,1,984;985
366,Road 366,1,986
367,Road 367,1,987;988;989;990;991;992;993
368,Road 368,1,994;995;996
369,Road 369,1,997;998;999;1000;1001;1002
370,Road 370,1,1003
371,Road 371,1,1004;1005;1006;1007;1008;1009
372,Road 372,1,1010;1011
373,Road 373,1,1012;1013;1014
374,Road 374,1,1015
375,Road 375,1,1016
376,Road 376,1,1017;1018
377,Road 377,1,1019
378,Road 378,1,1020;1021;1022;1023;1024;1025;1026;1027
379,Road 379,1,1028
380,Road 380,1,1029;1030;1031;1032;1033;1034;1035;1036;1037;1038;1039;1040;1041;1042
381,Road 381,1,1043
382,Road 382,1,1044;1045;1046;1047;1048;1049;1050;1051;1052;1053;1054;1055;1056;1057;1058;1059;1060
383,Road 383,1,1061;1062
384,Road 384,1,1063;1064
385,Road 385,1,1065;1066;1067;1068;1069;1070
386,Road 386,1,1071;1072;1073
387,Road 387,1,1074;1075;1076;1077
388,Road 388,1,1078;1079;1080;1081
389,Road 389,1,1082;1083;1084
390,Road 390,1,1085
391,Road 391,1,1086
392,Road 392,1,1087
